panel,q,gamma,saturation_chi,attack_reduction_fraction,tau,output_species,variance_change_percent
1,0.4,0.05,0.0,0.1,0.010000000000000002,1,-4.782260270358618
1,0.4,0.05,0.0,0.1,0.010525002852777327,1,-4.784460589436024
1,0.4,0.05,0.0,0.1,0.011077568505097092,1,-4.786775194620619
1,0.4,0.05,0.0,0.1,0.011659144011798317,1,-4.789209954162832
1,0.4,0.05,0.0,0.1,0.012271252398511897,1,-4.791771030339753
1,0.4,0.05,0.0,0.1,0.01291549665014884,1,-4.794464893400252
1,0.4,0.05,0.0,0.1,0.013593563908785255,1,-4.797298336085842
1,0.4,0.05,0.0,0.1,0.014307229891937572,1,-4.800278488740628
1,0.4,0.05,0.0,0.1,0.015058363542798407,1,-4.80341283502379
1,0.4,0.05,0.0,0.1,0.015848931924611134,1,-4.806709228235906
1,0.4,0.05,0.0,0.1,0.016681005372000592,1,-4.8101759082705975
1,0.4,0.05,0.0,0.1,0.017556762912750015,1,-4.813821519199546
1,0.4,0.05,0.0,0.1,0.018478497974222907,1,-4.817655127498266
1,0.4,0.05,0.0,0.1,0.019448624389373625,1,-4.821686240917533
1,0.4,0.05,0.0,0.1,0.02046968271807521,1,-4.825924828002249
1,0.4,0.05,0.0,0.1,0.021544346900318832,1,-4.8303813382572836
1,0.4,0.05,0.0,0.1,0.02267543125870802,1,-4.835066722955617
1,0.4,0.05,0.0,0.1,0.023865897868585808,1,-4.839992456580866
1,0.4,0.05,0.0,0.1,0.025118864315095794,1,-4.845170558891043
1,0.4,0.05,0.0,0.1,0.026437611857490998,1,-4.850613617585797
1,0.4,0.05,0.0,0.1,0.027825594022071243,1,-4.856334811553998
1,0.4,0.05,0.0,0.1,0.02928644564625236,1,-4.862347934670231
1,0.4,0.05,0.0,0.1,0.030823992397451434,1,-4.868667420104145
1,0.4,0.05,0.0,0.1,0.0324422607917163,1,-4.875308365096254
1,0.4,0.05,0.0,0.1,0.034145488738336026,1,-4.882286556145388
1,0.4,0.05,0.0,0.1,0.03593813663804628,1,-4.8896184945434795
1,0.4,0.05,0.0,0.1,0.037824899063893844,1,-4.897321422180745
1,0.4,0.05,0.0,0.1,0.039810717055349734,1,-4.905413347533494
1,0.4,0.05,0.0,0.1,0.04190079105786669,1,-4.913913071730914
1,0.4,0.05,0.0,0.1,0.04410059454176737,1,-4.922840214584589
1,0.4,0.05,0.0,0.1,0.046415888336127795,1,-4.932215240445014
1,0.4,0.05,0.0,0.1,0.04885273571519389,1,-4.942059483733196
1,0.4,0.05,0.0,0.1,0.051417518276839255,1,-4.952395173973889
1,0.4,0.05,0.0,0.1,0.054116952654646375,1,-4.963245460136023
1,0.4,0.05,0.0,0.1,0.056958108107376865,1,-4.97463443406112
1,0.4,0.05,0.0,0.1,0.05994842503189409,1,-4.986587152735556
1,0.4,0.05,0.0,0.1,0.06309573444801933,1,-4.999129659132784
1,0.4,0.05,0.0,0.1,0.06640827850634841,1,-5.012289001323344
1,0.4,0.05,0.0,0.1,0.06989473207273486,1,-5.026093249515506
1,0.4,0.05,0.0,0.1,0.07356422544596414,1,-5.040571510655967
1,0.4,0.05,0.0,0.1,0.0774263682681127,1,-5.0557539401807405
1,0.4,0.05,0.0,0.1,0.08149127469020745,1,-5.071671750468221
1,0.4,0.05,0.0,0.1,0.08576958985908942,1,-5.08835721550096
1,0.4,0.05,0.0,0.1,0.09027251779484574,1,-5.105843671200249
1,0.4,0.05,0.0,0.1,0.0950118507318144,1,-5.124165510847655
1,0.4,0.05,0.0,0.1,0.1,1,-5.143358174959268
1,0.4,0.05,0.0,0.1,0.10525002852777329,1,-5.16345813492528
1,0.4,0.05,0.0,0.1,0.11077568505097089,1,-5.184502869673791
1,0.4,0.05,0.0,0.1,0.11659144011798317,1,-5.206530834562717
1,0.4,0.05,0.0,0.1,0.122712523985119,1,-5.229581421645413
1,0.4,0.05,0.0,0.1,0.1291549665014884,1,-5.253694910399542
1,0.4,0.05,0.0,0.1,0.13593563908785256,1,-5.278912407950587
1,0.4,0.05,0.0,0.1,0.14307229891937576,1,-5.305275777763829
1,0.4,0.05,0.0,0.1,0.15058363542798409,1,-5.332827555724462
1,0.4,0.05,0.0,0.1,0.15848931924611134,1,-5.361610852471399
1,0.4,0.05,0.0,0.1,0.16681005372000587,1,-5.391669240802177
1,0.4,0.05,0.0,0.1,0.17556762912750015,1,-5.423046626921712
1,0.4,0.05,0.0,0.1,0.18478497974222913,1,-5.455787104270982
1,0.4,0.05,0.0,0.1,0.1944862438937362,1,-5.4899347886423815
1,0.4,0.05,0.0,0.1,0.2046968271807521,1,-5.525533633270396
1,0.4,0.05,0.0,0.1,0.2154434690031884,1,-5.562627222580585
1,0.4,0.05,0.0,0.1,0.22675431258708015,1,-5.601258543288489
1,0.4,0.05,0.0,0.1,0.2386589786858581,1,-5.641469731567872
1,0.4,0.05,0.0,0.1,0.251188643150958,1,-5.683301795054252
1,0.4,0.05,0.0,0.1,0.26437611857491,1,-5.726794308520011
1,0.4,0.05,0.0,0.1,0.2782559402207124,1,-5.771985082155428
1,0.4,0.05,0.0,0.1,0.2928644564625237,1,-5.818909801515404
1,0.4,0.05,0.0,0.1,0.30823992397451433,1,-5.867601638352049
1,0.4,0.05,0.0,0.1,0.32442260791716304,1,-5.918090831748735
1,0.4,0.05,0.0,0.1,0.34145488738336016,1,-5.9704042392055285
1,0.4,0.05,0.0,0.1,0.35938136638046275,1,-6.024564857603442
1,0.4,0.05,0.0,0.1,0.37824899063893846,1,-6.080591314296613
1,0.4,0.05,0.0,0.1,0.39810717055349726,1,-6.138497328949654
1,0.4,0.05,0.0,0.1,0.41900791057866693,1,-6.198291147154611
1,0.4,0.05,0.0,0.1,0.4410059454176737,1,-6.259974947328606
1,0.4,0.05,0.0,0.1,0.4641588833612779,1,-6.323544222908017
1,0.4,0.05,0.0,0.1,0.4885273571519389,1,-6.388987142419533
1,0.4,0.05,0.0,0.1,0.5141751827683927,1,-6.45628389061661
1,0.4,0.05,0.0,0.1,0.5411695265464637,1,-6.52540599452206
1,0.4,0.05,0.0,0.1,0.5695810810737687,1,-6.596315638903305
1,0.4,0.05,0.0,0.1,0.599484250318941,1,-6.668964976424718
1,0.4,0.05,0.0,0.1,0.6309573444801932,1,-6.7432954384570305
1,0.4,0.05,0.0,0.1,0.6640827850634842,1,-6.819237053268923
1,0.4,0.05,0.0,0.1,0.6989473207273484,1,-6.896707779069022
1,0.4,0.05,0.0,0.1,0.7356422544596414,1,-6.975612860086966
1,0.4,0.05,0.0,0.1,0.7742636826811271,1,-7.055844214570673
1,0.4,0.05,0.0,0.1,0.8149127469020743,1,-7.137279864209878
1,0.4,0.05,0.0,0.1,0.8576958985908941,1,-7.219783415053859
1,0.4,0.05,0.0,0.1,0.9027251779484575,1,-7.303203600457653
1,0.4,0.05,0.0,0.1,0.9501185073181437,1,-7.387373896938021
1,0.4,0.05,0.0,0.1,1.0,1,-7.472112224033944
1,0.4,0.05,0.0,0.1,1.052500285277733,1,-7.557220739317893
1,0.4,0.05,0.0,0.1,1.107756850509709,1,-7.642485739583471
1,0.4,0.05,0.0,0.1,1.1659144011798317,1,-7.727677678914957
1,0.4,0.05,0.0,0.1,1.22712523985119,1,-7.812551313821247
1,0.4,0.05,0.0,0.1,1.2915496650148839,1,-7.896845984868417
1,0.4,0.05,0.0,0.1,1.3593563908785256,1,-7.980286043277673
1,0.4,0.05,0.0,0.1,1.4307229891937576,1,-8.062581429756598
1,0.4,0.05,0.0,0.1,1.5058363542798405,1,-8.143428411413012
1,0.4,0.05,0.0,0.1,1.5848931924611136,1,-8.222510480968781
1,0.4,0.05,0.0,0.1,1.6681005372000588,1,-8.29949942066447
1,0.4,0.05,0.0,0.1,1.7556762912750012,1,-8.374056531243767
1,0.4,0.05,0.0,0.1,1.847849797422291,1,-8.445834024260733
1,0.4,0.05,0.0,0.1,1.944862438937362,1,-8.514476573694251
1,0.4,0.05,0.0,0.1,2.046968271807521,1,-8.579623020521066
1,0.4,0.05,0.0,0.1,2.154434690031884,1,-8.640908221533671
1,0.4,0.05,0.0,0.1,2.2675431258708016,1,-8.6979650313334
1,0.4,0.05,0.0,0.1,2.386589786858581,1,-8.750426404132694
1,0.4,0.05,0.0,0.1,2.51188643150958,1,-8.797927599803613
1,0.4,0.05,0.0,0.1,2.6437611857490997,1,-8.840108476558072
1,0.4,0.05,0.0,0.1,2.7825594022071245,1,-8.876615850782931
1,0.4,0.05,0.0,0.1,2.9286445646252366,1,-8.907105902912516
1,0.4,0.05,0.0,0.1,3.082399239745143,1,-8.931246606840082
1,0.4,0.05,0.0,0.1,3.24422607917163,1,-8.948720159272462
1,0.4,0.05,0.0,0.1,3.4145488738336014,1,-8.959225384641334
1,0.4,0.05,0.0,0.1,3.5938136638046276,1,-8.962480090716983
1,0.4,0.05,0.0,0.1,3.782489906389384,1,-8.95822334993226
1,0.4,0.05,0.0,0.1,3.9810717055349722,1,-8.94621768162187
1,0.4,0.05,0.0,0.1,4.190079105786669,1,-8.926251110912453
1,0.4,0.05,0.0,0.1,4.4100594541767375,1,-8.898139080853918
1,0.4,0.05,0.0,0.1,4.641588833612778,1,-8.861726195551645
1,0.4,0.05,0.0,0.1,4.885273571519389,1,-8.816887773530569
1,0.4,0.05,0.0,0.1,5.141751827683927,1,-8.763531192309493
1,0.4,0.05,0.0,0.1,5.411695265464636,1,-8.701597007180817
1,0.4,0.05,0.0,0.1,5.695810810737687,1,-8.631059829439081
1,0.4,0.05,0.0,0.1,5.99484250318941,1,-8.551928951770948
1,0.4,0.05,0.0,0.1,6.309573444801933,1,-8.464248711173628
1,0.4,0.05,0.0,0.1,6.6408278506348415,1,-8.368098582587235
1,0.4,0.05,0.0,0.1,6.989473207273485,1,-8.26359299937346
1,0.4,0.05,0.0,0.1,7.3564225445964135,1,-8.150880899821534
1,0.4,0.05,0.0,0.1,7.742636826811269,1,-8.030145001972
1,0.4,0.05,0.0,0.1,8.149127469020742,1,-7.901600812187059
1,0.4,0.05,0.0,0.1,8.576958985908941,1,-7.765495376016396
1,0.4,0.05,0.0,0.1,9.027251779484576,1,-7.622105782972765
1,0.4,0.05,0.0,0.1,9.501185073181436,1,-7.471737439789228
1,0.4,0.05,0.0,0.1,10.0,1,-7.314722129536932
1,0.4,0.05,0.0,0.1,10.525002852777327,1,-7.151415876587775
1,0.4,0.05,0.0,0.1,11.077568505097092,1,-6.982196639763661
1,0.4,0.05,0.0,0.1,11.659144011798316,1,-6.807461858073149
1,0.4,0.05,0.0,0.1,12.271252398511898,1,-6.627625875159049
1,0.4,0.05,0.0,0.1,12.91549665014884,1,-6.443117269923193
1,0.4,0.05,0.0,0.1,13.593563908785255,1,-6.254376121729777
1,0.4,0.05,0.0,0.1,14.307229891937572,1,-6.061851239088623
1,0.4,0.05,0.0,0.1,15.058363542798407,1,-5.865997380773469
1,0.4,0.05,0.0,0.1,15.848931924611133,1,-5.667272497929732
1,0.4,0.05,0.0,0.1,16.68100537200059,1,-5.466135024883001
1,0.4,0.05,0.0,0.1,17.556762912750013,1,-5.263041245083211
1,0.4,0.05,0.0,0.1,18.478497974222908,1,-5.058442756949056
1,0.4,0.05,0.0,0.1,19.448624389373624,1,-4.852784062340176
1,0.4,0.05,0.0,0.1,20.46968271807521,1,-4.646500298038269
1,0.4,0.05,0.0,0.1,21.544346900318832,1,-4.440015128006502
1,0.4,0.05,0.0,0.1,22.67543125870802,1,-4.233738811392307
1,0.4,0.05,0.0,0.1,23.865897868585808,1,-4.028066458292212
1,0.4,0.05,0.0,0.1,25.118864315095795,1,-3.8233764822857785
1,0.4,0.05,0.0,0.1,26.437611857491,1,-3.6200292557250657
1,0.4,0.05,0.0,0.1,27.825594022071243,1,-3.4183659708010405
1,0.4,0.05,0.0,0.1,29.286445646252357,1,-3.2187077065637504
1,0.4,0.05,0.0,0.1,30.823992397451434,1,-3.02135469938023
1,0.4,0.05,0.0,0.1,32.4422607917163,1,-2.8265858118472265
1,0.4,0.05,0.0,0.1,34.14548873833603,1,-2.634658192940198
1,0.4,0.05,0.0,0.1,35.938136638046274,1,-2.4458071202273945
1,0.4,0.05,0.0,0.1,37.824899063893845,1,-2.2602460133083424
1,0.4,0.05,0.0,0.1,39.810717055349734,1,-2.0781666062824167
1,0.4,0.05,0.0,0.1,41.90079105786669,1,-1.899739265981537
1,0.4,0.05,0.0,0.1,44.100594541767364,1,-1.7251134419535186
1,0.4,0.05,0.0,0.1,46.4158883361278,1,-1.5544182336976742
1,0.4,0.05,0.0,0.1,48.852735715193894,1,-1.3877630604546498
1,0.4,0.05,0.0,0.1,51.41751827683925,1,-1.2252384188891963
1,0.4,0.05,0.0,0.1,54.116952654646376,1,-1.066916714264221
1,0.4,0.05,0.0,0.1,56.958108107376866,1,-0.9128531511592541
1,0.4,0.05,0.0,0.1,59.94842503189409,1,-0.7630866703988826
1,0.4,0.05,0.0,0.1,63.09573444801933,1,-0.6176409196110733
1,0.4,0.05,0.0,0.1,66.40827850634841,1,-0.4765252456846225
1,0.4,0.05,0.0,0.1,69.89473207273487,1,-0.33973569833383177
1,0.4,0.05,0.0,0.1,73.56422544596414,1,-0.20725603495405087
1,0.4,0.05,0.0,0.1,77.4263682681127,1,-0.07905871797444508
1,0.4,0.05,0.0,0.1,81.49127469020745,1,0.04489410307582098
1,0.4,0.05,0.0,0.1,85.76958985908941,1,0.16464963155915502
1,0.4,0.05,0.0,0.1,90.27251779484574,1,0.28026349157257435
1,0.4,0.05,0.0,0.1,95.01185073181439,1,0.39179882849076364
1,0.4,0.05,0.0,0.1,100.0,1,0.49932544616992924
1,0.4,0.2,0.0,0.1,0.010000000000000002,1,-4.782196695961948
1,0.4,0.2,0.0,0.1,0.010525002852777327,1,-4.784390160685437
1,0.4,0.2,0.0,0.1,0.011077568505097092,1,-4.786697172305554
1,0.4,0.2,0.0,0.1,0.011659144011798317,1,-4.789123519321592
1,0.4,0.2,0.0,0.1,0.012271252398511897,1,-4.791675275650609
1,0.4,0.2,0.0,0.1,0.01291549665014884,1,-4.794358813643019
1,0.4,0.2,0.0,0.1,0.013593563908785255,1,-4.797180817572766
1,0.4,0.2,0.0,0.1,0.014307229891937572,1,-4.800148297605533
1,0.4,0.2,0.0,0.1,0.015058363542798407,1,-4.803268604245837
1,0.4,0.2,0.0,0.1,0.015848931924611134,1,-4.806549443261565
1,0.4,0.2,0.0,0.1,0.016681005372000592,1,-4.809998891081579
1,0.4,0.2,0.0,0.1,0.017556762912750015,1,-4.813625410659073
1,0.4,0.2,0.0,0.1,0.018478497974222907,1,-4.8174378677897645
1,0.4,0.2,0.0,0.1,0.019448624389373625,1,-4.821445547868864
1,0.4,0.2,0.0,0.1,0.02046968271807521,1,-4.8256581730672155
1,0.4,0.2,0.0,0.1,0.021544346900318832,1,-4.8300859199011725
1,0.4,0.2,0.0,0.1,0.02267543125870802,1,-4.834739437163704
1,0.4,0.2,0.0,0.1,0.023865897868585808,1,-4.8396298641794395
1,0.4,0.2,0.0,0.1,0.025118864315095794,1,-4.844768849335768
1,0.4,0.2,0.0,0.1,0.026437611857490998,1,-4.850168568836255
1,0.4,0.2,0.0,0.1,0.027825594022071243,1,-4.8558417456106895
1,0.4,0.2,0.0,0.1,0.02928644564625236,1,-4.8618016683064535
1,0.4,0.2,0.0,0.1,0.030823992397451434,1,-4.868062210272761
1,0.4,0.2,0.0,0.1,0.0324422607917163,1,-4.874637848437457
1,0.4,0.2,0.0,0.1,0.034145488738336026,1,-4.881543681958156
1,0.4,0.2,0.0,0.1,0.03593813663804628,1,-4.8887954505158815
1,0.4,0.2,0.0,0.1,0.037824899063893844,1,-4.896409552099024
1,0.4,0.2,0.0,0.1,0.039810717055349734,1,-4.904403060104723
1,0.4,0.2,0.0,0.1,0.04190079105786669,1,-4.9127937395642585
1,0.4,0.2,0.0,0.1,0.04410059454176737,1,-4.921600062271169
1,0.4,0.2,0.0,0.1,0.046415888336127795,1,-4.930841220566229
1,0.4,0.2,0.0,0.1,0.04885273571519389,1,-4.9405371395013
1,0.4,0.2,0.0,0.1,0.051417518276839255,1,-4.950708487072819
1,0.4,0.2,0.0,0.1,0.054116952654646375,1,-4.961376682177754
1,0.4,0.2,0.0,0.1,0.056958108107376865,1,-4.972563899907945
1,0.4,0.2,0.0,0.1,0.05994842503189409,1,-4.984293073753254
1,0.4,0.2,0.0,0.1,0.06309573444801933,1,-4.996587894239979
1,0.4,0.2,0.0,0.1,0.06640827850634841,1,-5.00947280347911
1,0.4,0.2,0.0,0.1,0.06989473207273486,1,-5.022972985044105
1,0.4,0.2,0.0,0.1,0.07356422544596414,1,-5.037114348541561
1,0.4,0.2,0.0,0.1,0.0774263682681127,1,-5.051923508171463
1,0.4,0.2,0.0,0.1,0.08149127469020745,1,-5.06742775450959
1,0.4,0.2,0.0,0.1,0.08576958985908942,1,-5.0836550186701075
1,0.4,0.2,0.0,0.1,0.09027251779484574,1,-5.100633827930812
1,0.4,0.2,0.0,0.1,0.0950118507318144,1,-5.118393251822296
1,0.4,0.2,0.0,0.1,0.1,1,-5.136962837596504
1,0.4,0.2,0.0,0.1,0.10525002852777329,1,-5.1563725339014095
1,0.4,0.2,0.0,0.1,0.11077568505097089,1,-5.1766526013954035
1,0.4,0.2,0.0,0.1,0.11659144011798317,1,-5.197833508938765
1,0.4,0.2,0.0,0.1,0.122712523985119,1,-5.219945813903171
1,0.4,0.2,0.0,0.1,0.1291549665014884,1,-5.2430200250395576
1,0.4,0.2,0.0,0.1,0.13593563908785256,1,-5.267086446247404
1,0.4,0.2,0.0,0.1,0.14307229891937576,1,-5.2921749994917615
1,0.4,0.2,0.0,0.1,0.15058363542798409,1,-5.318315025021048
1,0.4,0.2,0.0,0.1,0.15848931924611134,1,-5.345535056954153
1,0.4,0.2,0.0,0.1,0.16681005372000587,1,-5.373862572227539
1,0.4,0.2,0.0,0.1,0.17556762912750015,1,-5.4033237108309535
1,0.4,0.2,0.0,0.1,0.18478497974222913,1,-5.433942965213923
1,0.4,0.2,0.0,0.1,0.1944862438937362,1,-5.465742836721244
1,0.4,0.2,0.0,0.1,0.2046968271807521,1,-5.498743456920774
1,0.4,0.2,0.0,0.1,0.2154434690031884,1,-5.532962171724998
1,0.4,0.2,0.0,0.1,0.22675431258708015,1,-5.568413086287771
1,0.4,0.2,0.0,0.1,0.2386589786858581,1,-5.605106568790486
1,0.4,0.2,0.0,0.1,0.251188643150958,1,-5.643048711419518
1,0.4,0.2,0.0,0.1,0.26437611857491,1,-5.682240747099987
1,0.4,0.2,0.0,0.1,0.2782559402207124,1,-5.722678420890093
1,0.4,0.2,0.0,0.1,0.2928644564625237,1,-5.764351315377237
1,0.4,0.2,0.0,0.1,0.30823992397451433,1,-5.807242129956691
1,0.4,0.2,0.0,0.1,0.32442260791716304,1,-5.851325914535788
1,0.4,0.2,0.0,0.1,0.34145488738336016,1,-5.896569259000051
1,0.4,0.2,0.0,0.1,0.35938136638046275,1,-5.942929440719147
1,0.4,0.2,0.0,0.1,0.37824899063893846,1,-5.990353533470472
1,0.4,0.2,0.0,0.1,0.39810717055349726,1,-6.038777482430424
1,0.4,0.2,0.0,0.1,0.41900791057866693,1,-6.0881251513334895
1,0.4,0.2,0.0,0.1,0.4410059454176737,1,-6.138307349537408
1,0.4,0.2,0.0,0.1,0.4641588833612779,1,-6.189220848554545
1,0.4,0.2,0.0,0.1,0.4885273571519389,1,-6.240747399618163
1,0.4,0.2,0.0,0.1,0.5141751827683927,1,-6.292752766026477
1,0.4,0.2,0.0,0.1,0.5411695265464637,1,-6.345085786334104
1,0.4,0.2,0.0,0.1,0.5695810810737687,1,-6.3975774869008735
1,0.4,0.2,0.0,0.1,0.599484250318941,1,-6.450040264823798
1,0.4,0.2,0.0,0.1,0.6309573444801932,1,-6.5022671647992025
1,0.4,0.2,0.0,0.1,0.6640827850634842,1,-6.554031275925254
1,0.4,0.2,0.0,0.1,0.6989473207273484,1,-6.60508527675484
1,0.4,0.2,0.0,0.1,0.7356422544596414,1,-6.655161158941758
1,0.4,0.2,0.0,0.1,0.7742636826811271,1,-6.703970161455198
1,0.4,0.2,0.0,0.1,0.8149127469020743,1,-6.751202948426805
1,0.4,0.2,0.0,0.1,0.8576958985908941,1,-6.796530064078798
1,0.4,0.2,0.0,0.1,0.9027251779484575,1,-6.839602697694436
1,0.4,0.2,0.0,0.1,0.9501185073181437,1,-6.880053790062535
1,0.4,0.2,0.0,0.1,1.0,1,-6.917499510092096
1,0.4,0.2,0.0,0.1,1.052500285277733,1,-6.9515411261975135
1,0.4,0.2,0.0,0.1,1.107756850509709,1,-6.981767291485319
1,0.4,0.2,0.0,0.1,1.1659144011798317,1,-7.007756754646022
1,0.4,0.2,0.0,0.1,1.22712523985119,1,-7.029081499751733
1,0.4,0.2,0.0,0.1,1.2915496650148839,1,-7.0453103079250345
1,0.4,0.2,0.0,0.1,1.3593563908785256,1,-7.056012722220528
1,0.4,0.2,0.0,0.1,1.4307229891937576,1,-7.060763384267965
1,0.4,0.2,0.0,0.1,1.5058363542798405,1,-7.059146697599328
1,0.4,0.2,0.0,0.1,1.5848931924611136,1,-7.0507617585569555
1,0.4,0.2,0.0,0.1,1.6681005372000588,1,-7.035227481780937
1,0.4,0.2,0.0,0.1,1.7556762912750012,1,-7.012187834110051
1,0.4,0.2,0.0,0.1,1.847849797422291,1,-6.981317078971405
1,0.4,0.2,0.0,0.1,1.944862438937362,1,-6.942324923662113
1,0.4,0.2,0.0,0.1,2.046968271807521,1,-6.894961455018567
1,0.4,0.2,0.0,0.1,2.154434690031884,1,-6.83902174543346
1,0.4,0.2,0.0,0.1,2.2675431258708016,1,-6.774350011518271
1,0.4,0.2,0.0,0.1,2.386589786858581,1,-6.70084321226414
1,0.4,0.2,0.0,0.1,2.51188643150958,1,-6.618453982476402
1,0.4,0.2,0.0,0.1,2.6437611857490997,1,-6.527192810474469
1,0.4,0.2,0.0,0.1,2.7825594022071245,1,-6.427129386237729
1,0.4,0.2,0.0,0.1,2.9286445646252366,1,-6.318393066796069
1,0.4,0.2,0.0,0.1,3.082399239745143,1,-6.201172428933366
1,0.4,0.2,0.0,0.1,3.24422607917163,1,-6.075713904249113
1,0.4,0.2,0.0,0.1,3.4145488738336014,1,-5.942319517238159
1,0.4,0.2,0.0,0.1,3.5938136638046276,1,-5.801343772166834
1,0.4,0.2,0.0,0.1,3.782489906389384,1,-5.653189758036115
1,0.4,0.2,0.0,0.1,3.9810717055349722,1,-5.498304561799916
1,0.4,0.2,0.0,0.1,4.190079105786669,1,-5.337174097367125
1,0.4,0.2,0.0,0.1,4.4100594541767375,1,-5.1703174710965865
1,0.4,0.2,0.0,0.1,4.641588833612778,1,-4.9982810130581035
1,0.4,0.2,0.0,0.1,4.885273571519389,1,-4.821632107107254
1,0.4,0.2,0.0,0.1,5.141751827683927,1,-4.640952951898303
1,0.4,0.2,0.0,0.1,5.411695265464636,1,-4.456834379648777
1,0.4,0.2,0.0,0.1,5.695810810737687,1,-4.269869850297459
1,0.4,0.2,0.0,0.1,5.99484250318941,1,-4.080649726331043
1,0.4,0.2,0.0,0.1,6.309573444801933,1,-3.8897559187620168
1,0.4,0.2,0.0,0.1,6.6408278506348415,1,-3.6977569783371744
1,0.4,0.2,0.0,0.1,6.989473207273485,1,-3.505203688845593
1,0.4,0.2,0.0,0.1,7.3564225445964135,1,-3.3126252021221436
1,0.4,0.2,0.0,0.1,7.742636826811269,1,-3.1205257376863194
1,0.4,0.2,0.0,0.1,8.149127469020742,1,-2.9293818544490535
1,0.4,0.2,0.0,0.1,8.576958985908941,1,-2.73964028800332
1,0.4,0.2,0.0,0.1,9.027251779484576,1,-2.5517163349701777
1,0.4,0.2,0.0,0.1,9.501185073181436,1,-2.365992755882973
1,0.4,0.2,0.0,0.1,10.0,1,-2.182819160199201
1,0.4,0.2,0.0,0.1,10.525002852777327,1,-2.0025118312087864
1,0.4,0.2,0.0,0.1,11.077568505097092,1,-1.8253539447276368
1,0.4,0.2,0.0,0.1,11.659144011798316,1,-1.6515961333559481
1,0.4,0.2,0.0,0.1,12.271252398511898,1,-1.4814573475219306
1,0.4,0.2,0.0,0.1,12.91549665014884,1,-1.3151259652929514
1,0.4,0.2,0.0,0.1,13.593563908785255,1,-1.1527611047610686
1,0.4,0.2,0.0,0.1,14.307229891937572,1,-0.9944940954718651
1,0.4,0.2,0.0,0.1,15.058363542798407,1,-0.8404300686371435
1,0.4,0.2,0.0,0.1,15.848931924611133,1,-0.6906496295428055
1,0.4,0.2,0.0,0.1,16.68100537200059,1,-0.5452105794686246
1,0.4,0.2,0.0,0.1,17.556762912750013,1,-0.40414965842235917
1,0.4,0.2,0.0,0.1,18.478497974222908,1,-0.2674842839202829
1,0.4,0.2,0.0,0.1,19.448624389373624,1,-0.13521426485674226
1,0.4,0.2,0.0,0.1,20.46968271807521,1,-0.007323473080733667
1,0.4,0.2,0.0,0.1,21.544346900318832,1,0.11621854137469079
1,0.4,0.2,0.0,0.1,22.67543125870802,1,0.23545500243600248
1,0.4,0.2,0.0,0.1,23.865897868585808,1,0.35044043581868856
1,0.4,0.2,0.0,0.1,25.118864315095795,1,0.4612392784581365
1,0.4,0.2,0.0,0.1,26.437611857491,1,0.5679245733623661
1,0.4,0.2,0.0,0.1,27.825594022071243,1,0.6705767519278094
1,0.4,0.2,0.0,0.1,29.286445646252357,1,0.7692825042281415
1,0.4,0.2,0.0,0.1,30.823992397451434,1,0.8641337365619339
1,0.4,0.2,0.0,0.1,32.4422607917163,1,0.9552266144895905
1,0.4,0.2,0.0,0.1,34.14548873833603,1,1.0426606888045642
1,0.4,0.2,0.0,0.1,35.938136638046274,1,1.1265381012433462
1,0.4,0.2,0.0,0.1,37.824899063893845,1,1.20696286627342
1,0.4,0.2,0.0,0.1,39.810717055349734,1,1.2840402249710614
1,0.4,0.2,0.0,0.1,41.90079105786669,1,1.3578760667905643
1,0.4,0.2,0.0,0.1,44.100594541767364,1,1.4285764149035707
1,0.4,0.2,0.0,0.1,46.4158883361278,1,1.496246970775461
1,0.4,0.2,0.0,0.1,48.852735715193894,1,1.5609927136492896
1,0.4,0.2,0.0,0.1,51.41751827683925,1,1.622917550730385
1,0.4,0.2,0.0,0.1,54.116952654646376,1,1.6821240139540672
1,0.4,0.2,0.0,0.1,56.958108107376866,1,1.7387129994199446
1,0.4,0.2,0.0,0.1,59.94842503189409,1,1.79278354570942
1,0.4,0.2,0.0,0.1,63.09573444801933,1,1.8444326475525186
1,0.4,0.2,0.0,0.1,66.40827850634841,1,1.8937551014593934
1,0.4,0.2,0.0,0.1,69.89473207273487,1,1.9408433802094116
1,0.4,0.2,0.0,0.1,73.56422544596414,1,1.9857875332250918
1,0.4,0.2,0.0,0.1,77.4263682681127,1,2.0286751101432854
1,0.4,0.2,0.0,0.1,81.49127469020745,1,2.069591105045343
1,0.4,0.2,0.0,0.1,85.76958985908941,1,2.1086179190346277
1,0.4,0.2,0.0,0.1,90.27251779484574,1,2.1458353390185536
1,0.4,0.2,0.0,0.1,95.01185073181439,1,2.18132053076483
1,0.4,0.2,0.0,0.1,100.0,1,2.2151480444340343
1,0.4,0.8,0.0,0.1,0.010000000000000002,1,-4.781942408923811
1,0.4,0.8,0.0,0.1,0.010525002852777327,1,-4.784108458624903
1,0.4,0.8,0.0,0.1,0.011077568505097092,1,-4.786385098923473
1,0.4,0.8,0.0,0.1,0.011659144011798317,1,-4.788777799437005
1,0.4,0.8,0.0,0.1,0.012271252398511897,1,-4.791292280793891
1,0.4,0.8,0.0,0.1,0.01291549665014884,1,-4.793934523935583
1,0.4,0.8,0.0,0.1,0.013593563908785255,1,-4.7967107794929404
1,0.4,0.8,0.0,0.1,0.014307229891937572,1,-4.799627577196642
1,0.4,0.8,0.0,0.1,0.015058363542798407,1,-4.802691735274611
1,0.4,0.8,0.0,0.1,0.015848931924611134,1,-4.8059103697826515
1,0.4,0.8,0.0,0.1,0.016681005372000592,1,-4.809290903804686
1,0.4,0.8,0.0,0.1,0.017556762912750015,1,-4.812841076450958
1,0.4,0.8,0.0,0.1,0.018478497974222907,1,-4.816568951570844
1,0.4,0.8,0.0,0.1,0.019448624389373625,1,-4.820482926085267
1,0.4,0.8,0.0,0.1,0.02046968271807521,1,-4.82459173783173
1,0.4,0.8,0.0,0.1,0.021544346900318832,1,-4.828904472797923
1,0.4,0.8,0.0,0.1,0.02267543125870802,1,-4.833430571605202
1,0.4,0.8,0.0,0.1,0.023865897868585808,1,-4.83817983508531
1,0.4,0.8,0.0,0.1,0.025118864315095794,1,-4.843162428771008
1,0.4,0.8,0.0,0.1,0.026437611857490998,1,-4.848388886102595
1,0.4,0.8,0.0,0.1,0.027825594022071243,1,-4.853870110123182
1,0.4,0.8,0.0,0.1,0.02928644564625236,1,-4.859617373411751
1,0.4,0.8,0.0,0.1,0.030823992397451434,1,-4.865642315970209
1,0.4,0.8,0.0,0.1,0.0324422607917163,1,-4.871956940747912
1,0.4,0.8,0.0,0.1,0.034145488738336026,1,-4.87857360645052
1,0.4,0.8,0.0,0.1,0.03593813663804628,1,-4.8855050172381675
1,0.4,0.8,0.0,0.1,0.037824899063893844,1,-4.892764208875155
1,0.4,0.8,0.0,0.1,0.039810717055349734,1,-4.900364530841161
1,0.4,0.8,0.0,0.1,0.04190079105786669,1,-4.908319623865031
1,0.4,0.8,0.0,0.1,0.04410059454176737,1,-4.916643392278052
1,0.4,0.8,0.0,0.1,0.046415888336127795,1,-4.925349970524884
1,0.4,0.8,0.0,0.1,0.04885273571519389,1,-4.9344536830974395
1,0.4,0.8,0.0,0.1,0.051417518276839255,1,-4.94396899708367
1,0.4,0.8,0.0,0.1,0.054116952654646375,1,-4.953910466440814
1,0.4,0.8,0.0,0.1,0.056958108107376865,1,-4.964292667017034
1,0.4,0.8,0.0,0.1,0.05994842503189409,1,-4.975130121248328
1,0.4,0.8,0.0,0.1,0.06309573444801933,1,-4.986437211362205
1,0.4,0.8,0.0,0.1,0.06640827850634841,1,-4.998228079807987
1,0.4,0.8,0.0,0.1,0.06989473207273486,1,-5.0105165155262865
1,0.4,0.8,0.0,0.1,0.07356422544596414,1,-5.023315824549323
1,0.4,0.8,0.0,0.1,0.0774263682681127,1,-5.036638683303362
1,0.4,0.8,0.0,0.1,0.08149127469020745,1,-5.0504969728578875
1,0.4,0.8,0.0,0.1,0.08576958985908942,1,-5.064901592240522
1,0.4,0.8,0.0,0.1,0.09027251779484574,1,-5.079862248806865
1,0.4,0.8,0.0,0.1,0.0950118507318144,1,-5.095387223532022
1,0.4,0.8,0.0,0.1,0.1,1,-5.111483108972115
1,0.4,0.8,0.0,0.1,0.10525002852777329,1,-5.128154517534811
1,0.4,0.8,0.0,0.1,0.11077568505097089,1,-5.145403757608702
1,0.4,0.8,0.0,0.1,0.11659144011798317,1,-5.1632304750284135
1,0.4,0.8,0.0,0.1,0.122712523985119,1,-5.181631257316576
1,0.4,0.8,0.0,0.1,0.1291549665014884,1,-5.200599198141276
1,0.4,0.8,0.0,0.1,0.13593563908785256,1,-5.220123419479994
1,0.4,0.8,0.0,0.1,0.14307229891937576,1,-5.240188549097658
1,0.4,0.8,0.0,0.1,0.15058363542798409,1,-5.260774151141289
1,0.4,0.8,0.0,0.1,0.15848931924611134,1,-5.2818541079479475
1,0.4,0.8,0.0,0.1,0.16681005372000587,1,-5.3033959515760065
1,0.4,0.8,0.0,0.1,0.17556762912750015,1,-5.3253601441249465
1,0.4,0.8,0.0,0.1,0.18478497974222913,1,-5.34769930663157
1,0.4,0.8,0.0,0.1,0.1944862438937362,1,-5.37035739725148
1,0.4,0.8,0.0,0.1,0.2046968271807521,1,-5.393268840582188
1,0.4,0.8,0.0,0.1,0.2154434690031884,1,-5.416357611392164
1,0.4,0.8,0.0,0.1,0.22675431258708015,1,-5.439536277719892
1,0.4,0.8,0.0,0.1,0.2386589786858581,1,-5.46270501033248
1,0.4,0.8,0.0,0.1,0.251188643150958,1,-5.485750567910774
1,0.4,0.8,0.0,0.1,0.26437611857491,1,-5.508545270085596
1,0.4,0.8,0.0,0.1,0.2782559402207124,1,-5.530945973597101
1,0.4,0.8,0.0,0.1,0.2928644564625237,1,-5.552793070394602
1,0.4,0.8,0.0,0.1,0.30823992397451433,1,-5.573909530417409
1,0.4,0.8,0.0,0.1,0.32442260791716304,1,-5.594100016065684
1,0.4,0.8,0.0,0.1,0.34145488738336016,1,-5.613150099908514
1,0.4,0.8,0.0,0.1,0.35938136638046275,1,-5.63082562188767
1,0.4,0.8,0.0,0.1,0.37824899063893846,1,-5.646872227001398
1,0.4,0.8,0.0,0.1,0.39810717055349726,1,-5.66101512900431
1,0.4,0.8,0.0,0.1,0.41900791057866693,1,-5.672959149769197
1,0.4,0.8,0.0,0.1,0.4410059454176737,1,-5.682389087314855
1,0.4,0.8,0.0,0.1,0.4641588833612779,1,-5.68897046773742
1,0.4,0.8,0.0,0.1,0.4885273571519389,1,-5.692350736948515
1,0.4,0.8,0.0,0.1,0.5141751827683927,1,-5.692160946763525
1,0.4,0.8,0.0,0.1,0.5411695265464637,1,-5.68801798599099
1,0.4,0.8,0.0,0.1,0.5695810810737687,1,-5.679527400257889
1,0.4,0.8,0.0,0.1,0.599484250318941,1,-5.666286833935519
1,0.4,0.8,0.0,0.1,0.6309573444801932,1,-5.647890113339649
1,0.4,0.8,0.0,0.1,0.6640827850634842,1,-5.6239319721966385
1,0.4,0.8,0.0,0.1,0.6989473207273484,1,-5.594013398202923
1,0.4,0.8,0.0,0.1,0.7356422544596414,1,-5.557747553684678
1,0.4,0.8,0.0,0.1,0.7742636826811271,1,-5.514766194520737
1,0.4,0.8,0.0,0.1,0.8149127469020743,1,-5.464726480670167
1,0.4,0.8,0.0,0.1,0.8576958985908941,1,-5.407318040241671
1,0.4,0.8,0.0,0.1,0.9027251779484575,1,-5.342270118852078
1,0.4,0.8,0.0,0.1,0.9501185073181437,1,-5.26935861911123
1,0.4,0.8,0.0,0.1,1.0,1,-5.188412813685139
1,0.4,0.8,0.0,0.1,1.052500285277733,1,-5.099321501780674
1,0.4,0.8,0.0,0.1,1.107756850509709,1,-5.002038375108986
1,0.4,0.8,0.0,0.1,1.1659144011798317,1,-4.896586367035116
1,0.4,0.8,0.0,0.1,1.22712523985119,1,-4.78306077866918
1,0.4,0.8,0.0,0.1,1.2915496650148839,1,-4.661631008215606
1,0.4,0.8,0.0,0.1,1.3593563908785256,1,-4.5325407541104585
1,0.4,0.8,0.0,0.1,1.4307229891937576,1,-4.39610661648715
1,0.4,0.8,0.0,0.1,1.5058363542798405,1,-4.252715082513303
1,0.4,0.8,0.0,0.1,1.5848931924611136,1,-4.102817945605775
1,0.4,0.8,0.0,0.1,1.6681005372000588,1,-3.9469262724409426
1,0.4,0.8,0.0,0.1,1.7556762912750012,1,-3.7856030909265814
1,0.4,0.8,0.0,0.1,1.847849797422291,1,-3.619455023048257
1,0.4,0.8,0.0,0.1,1.944862438937362,1,-3.449123125530873
1,0.4,0.8,0.0,0.1,2.046968271807521,1,-3.275273226297648
1,0.4,0.8,0.0,0.1,2.154434690031884,1,-3.0985860545881594
1,0.4,0.8,0.0,0.1,2.2675431258708016,1,-2.919747457361832
1,0.4,0.8,0.0,0.1,2.386589786858581,1,-2.73943897539205
1,0.4,0.8,0.0,0.1,2.51188643150958,1,-2.558329021377437
1,0.4,0.8,0.0,0.1,2.6437611857490997,1,-2.3770648622270185
1,0.4,0.8,0.0,0.1,2.7825594022071245,1,-2.1962655616240223
1,0.4,0.8,0.0,0.1,2.9286445646252366,1,-2.0165159902617913
1,0.4,0.8,0.0,0.1,3.082399239745143,1,-1.8383619628595915
1,0.4,0.8,0.0,0.1,3.24422607917163,1,-1.6623065158054895
1,0.4,0.8,0.0,0.1,3.4145488738336014,1,-1.4888072991155021
1,0.4,0.8,0.0,0.1,3.5938136638046276,1,-1.3182750227447082
1,0.4,0.8,0.0,0.1,3.782489906389384,1,-1.1510728709068774
1,0.4,0.8,0.0,0.1,3.9810717055349722,1,-0.9875167791481787
1,0.4,0.8,0.0,0.1,4.190079105786669,1,-0.8278764571614361
1,0.4,0.8,0.0,0.1,4.4100594541767375,1,-0.6723770350490876
1,0.4,0.8,0.0,0.1,4.641588833612778,1,-0.5212012110250464
1,0.4,0.8,0.0,0.1,4.885273571519389,1,-0.3744917833239825
1,0.4,0.8,0.0,0.1,5.141751827683927,1,-0.232354457280326
1,0.4,0.8,0.0,0.1,5.411695265464636,1,-0.0948608291055808
1,0.4,0.8,0.0,0.1,5.695810810737687,1,0.03794854011049953
1,0.4,0.8,0.0,0.1,5.99484250318941,1,0.16606103402834194
1,0.4,0.8,0.0,0.1,6.309573444801933,1,0.2894889355651742
1,0.4,0.8,0.0,0.1,6.6408278506348415,1,0.40826647546094996
1,0.4,0.8,0.0,0.1,6.989473207273485,1,0.5224470128893266
1,0.4,0.8,0.0,0.1,7.3564225445964135,1,0.6321003760274335
1,0.4,0.8,0.0,0.1,7.742636826811269,1,0.7373103816570747
1,0.4,0.8,0.0,0.1,8.149127469020742,1,0.8381725453102007
1,0.4,0.8,0.0,0.1,8.576958985908941,1,0.9347919871690369
1,0.4,0.8,0.0,0.1,9.027251779484576,1,1.0272815338004948
1,0.4,0.8,0.0,0.1,9.501185073181436,1,1.1157600117649658
1,0.4,0.8,0.0,0.1,10.0,1,1.200350726045829
1,0.4,0.8,0.0,0.1,10.525002852777327,1,1.2811801140094392
1,0.4,0.8,0.0,0.1,11.077568505097092,1,1.358376564049224
1,0.4,0.8,0.0,0.1,11.659144011798316,1,1.4320693871193946
1,0.4,0.8,0.0,0.1,12.271252398511898,1,1.5023879288957875
1,0.4,0.8,0.0,0.1,12.91549665014884,1,1.569460810193779
1,0.4,0.8,0.0,0.1,13.593563908785255,1,1.6334152834829974
1,0.4,0.8,0.0,0.1,14.307229891937572,1,1.6943766937437488
1,0.4,0.8,0.0,0.1,15.058363542798407,1,1.7524680324970898
1,0.4,0.8,0.0,0.1,15.848931924611133,1,1.8078095745065026
1,0.4,0.8,0.0,0.1,16.68100537200059,1,1.8605185873963315
1,0.4,0.8,0.0,0.1,17.556762912750013,1,1.9107091052088299
1,0.4,0.8,0.0,0.1,18.478497974222908,1,1.9584917576964678
1,0.4,0.8,0.0,0.1,19.448624389373624,1,2.0039736479056325
1,0.4,0.8,0.0,0.1,20.46968271807521,1,2.047258271357122
1,0.4,0.8,0.0,0.1,21.544346900318832,1,2.0884454708185674
1,0.4,0.8,0.0,0.1,22.67543125870802,1,2.1276314213175773
1,0.4,0.8,0.0,0.1,23.865897868585808,1,2.1649086406634988
1,0.4,0.8,0.0,0.1,25.118864315095795,1,2.2003660212877696
1,0.4,0.8,0.0,0.1,26.437611857491,1,2.2340888797405922
1,0.4,0.8,0.0,0.1,27.825594022071243,1,2.2661590206269233
1,0.4,0.8,0.0,0.1,29.286445646252357,1,2.29665481219421
1,0.4,0.8,0.0,0.1,30.823992397451434,1,2.3256512711426147
1,0.4,0.8,0.0,0.1,32.4422607917163,1,2.3532201545766407
1,0.4,0.8,0.0,0.1,34.14548873833603,1,2.3794300572988814
1,0.4,0.8,0.0,0.1,35.938136638046274,1,2.4043465129148567
1,0.4,0.8,0.0,0.1,37.824899063893845,1,2.42803209744209
1,0.4,0.8,0.0,0.1,39.810717055349734,1,2.4505465343189314
1,0.4,0.8,0.0,0.1,41.90079105786669,1,2.471946799895708
1,0.4,0.8,0.0,0.1,44.100594541767364,1,2.4922872286210707
1,0.4,0.8,0.0,0.1,46.4158883361278,1,2.511619617298466
1,0.4,0.8,0.0,0.1,48.852735715193894,1,2.5299933278695397
1,0.4,0.8,0.0,0.1,51.41751827683925,1,2.5474553883221507
1,0.4,0.8,0.0,0.1,54.116952654646376,1,2.5640505913597123
1,0.4,0.8,0.0,0.1,56.958108107376866,1,2.5798215905879607
1,0.4,0.8,0.0,0.1,59.94842503189409,1,2.594808994000264
1,0.4,0.8,0.0,0.1,63.09573444801933,1,2.60905145461634
1,0.4,0.8,0.0,0.1,66.40827850634841,1,2.6225857581732903
1,0.4,0.8,0.0,0.1,69.89473207273487,1,2.6354469077989107
1,0.4,0.8,0.0,0.1,73.56422544596414,1,2.6476682056313816
1,0.4,0.8,0.0,0.1,77.4263682681127,1,2.6592813313786046
1,0.4,0.8,0.0,0.1,81.49127469020745,1,2.6703164178338623
1,0.4,0.8,0.0,0.1,85.76958985908941,1,2.680802123372361
1,0.4,0.8,0.0,0.1,90.27251779484574,1,2.690765701488229
1,0.4,0.8,0.0,0.1,95.01185073181439,1,2.700233067416935
1,0.4,0.8,0.0,0.1,100.0,1,2.7092288619103178
2,0.4,0.2,0.0,0.01,0.010000000000000002,1,-0.34972606560645936
2,0.4,0.2,0.0,0.01,0.010525002852777327,1,-0.34993484218817095
2,0.4,0.2,0.0,0.01,0.011077568505097092,1,-0.3501544357336961
2,0.4,0.2,0.0,0.01,0.011659144011798317,1,-0.35038539868964547
2,0.4,0.2,0.0,0.01,0.012271252398511897,1,-0.3506283108507535
2,0.4,0.2,0.0,0.01,0.01291549665014884,1,-0.35088378061919334
2,0.4,0.2,0.0,0.01,0.013593563908785255,1,-0.3511524463104321
2,0.4,0.2,0.0,0.01,0.014307229891937572,1,-0.351434977507592
2,0.4,0.2,0.0,0.01,0.015058363542798407,1,-0.35173207646338467
2,0.4,0.2,0.0,0.01,0.015848931924611134,1,-0.35204447955077267
2,0.4,0.2,0.0,0.01,0.016681005372000592,1,-0.35237295876111574
2,0.4,0.2,0.0,0.01,0.017556762912750015,1,-0.3527183232506115
2,0.4,0.2,0.0,0.01,0.018478497974222907,1,-0.3530814209330435
2,0.4,0.2,0.0,0.01,0.019448624389373625,1,-0.3534631401190924
2,0.4,0.2,0.0,0.01,0.02046968271807521,1,-0.353864411199023
2,0.4,0.2,0.0,0.01,0.021544346900318832,1,-0.35428620836832625
2,0.4,0.2,0.0,0.01,0.02267543125870802,1,-0.3547295513925297
2,0.4,0.2,0.0,0.01,0.023865897868585808,1,-0.3551955074088564
2,0.4,0.2,0.0,0.01,0.025118864315095794,1,-0.3556851927599136
2,0.4,0.2,0.0,0.01,0.026437611857490998,1,-0.3561997748557255
2,0.4,0.2,0.0,0.01,0.027825594022071243,1,-0.35674047405765963
2,0.4,0.2,0.0,0.01,0.02928644564625236,1,-0.3573085655780406
2,0.4,0.2,0.0,0.01,0.030823992397451434,1,-0.35790538138752437
2,0.4,0.2,0.0,0.01,0.0324422607917163,1,-0.3585323121220507
2,0.4,0.2,0.0,0.01,0.034145488738336026,1,-0.3591908089774831
2,0.4,0.2,0.0,0.01,0.03593813663804628,1,-0.3598823855814226
2,0.4,0.2,0.0,0.01,0.037824899063893844,1,-0.36060861982812886
2,0.4,0.2,0.0,0.01,0.039810717055349734,1,-0.3613711556603838
2,0.4,0.2,0.0,0.01,0.04190079105786669,1,-0.36217170478159977
2,0.4,0.2,0.0,0.01,0.04410059454176737,1,-0.3630120482774668
2,0.4,0.2,0.0,0.01,0.046415888336127795,1,-0.363894038124446
2,0.4,0.2,0.0,0.01,0.04885273571519389,1,-0.3648195985600733
2,0.4,0.2,0.0,0.01,0.051417518276839255,1,-0.3657907272861305
2,0.4,0.2,0.0,0.01,0.054116952654646375,1,-0.3668094964724644
2,0.4,0.2,0.0,0.01,0.056958108107376865,1,-0.3678780535258164
2,0.4,0.2,0.0,0.01,0.05994842503189409,1,-0.36899862158344954
2,0.4,0.2,0.0,0.01,0.06309573444801933,1,-0.37017349968687663
2,0.4,0.2,0.0,0.01,0.06640827850634841,1,-0.37140506258641626
2,0.4,0.2,0.0,0.01,0.06989473207273486,1,-0.3726957601213998
2,0.4,0.2,0.0,0.01,0.07356422544596414,1,-0.3740481161155107
2,0.4,0.2,0.0,0.01,0.0774263682681127,1,-0.3754647267199096
2,0.4,0.2,0.0,0.01,0.08149127469020745,1,-0.3769482581307715
2,0.4,0.2,0.0,0.01,0.08576958985908942,1,-0.37850144359951043
2,0.4,0.2,0.0,0.01,0.09027251779484574,1,-0.3801270796471634
2,0.4,0.2,0.0,0.01,0.0950118507318144,1,-0.38182802138546634
2,0.4,0.2,0.0,0.01,0.1,1,-0.3836071768380078
2,0.4,0.2,0.0,0.01,0.10525002852777329,1,-0.3854675001469188
2,0.4,0.2,0.0,0.01,0.11077568505097089,1,-0.3874119835380663
2,0.4,0.2,0.0,0.01,0.11659144011798317,1,-0.3894436479103369
2,0.4,0.2,0.0,0.01,0.122712523985119,1,-0.3915655319018829
2,0.4,0.2,0.0,0.01,0.1291549665014884,1,-0.3937806792758347
2,0.4,0.2,0.0,0.01,0.13593563908785256,1,-0.3960921244570925
2,0.4,0.2,0.0,0.01,0.14307229891937576,1,-0.39850287604028534
2,0.4,0.2,0.0,0.01,0.15058363542798409,1,-0.4010158980778389
2,0.4,0.2,0.0,0.01,0.15848931924611134,1,-0.4036340889465029
2,0.4,0.2,0.0,0.01,0.16681005372000587,1,-0.406360257581162
2,0.4,0.2,0.0,0.01,0.17556762912750015,1,-0.4091970968544967
2,0.4,0.2,0.0,0.01,0.18478497974222913,1,-0.41214715387486445
2,0.4,0.2,0.0,0.01,0.1944862438937362,1,-0.41521279696754565
2,0.4,0.2,0.0,0.01,0.2046968271807521,1,-0.4183961791028534
2,0.4,0.2,0.0,0.01,0.2154434690031884,1,-0.42169919753280993
2,0.4,0.2,0.0,0.01,0.22675431258708015,1,-0.4251234494029643
2,0.4,0.2,0.0,0.01,0.2386589786858581,1,-0.4286701831144546
2,0.4,0.2,0.0,0.01,0.251188643150958,1,-0.4323402452254155
2,0.4,0.2,0.0,0.01,0.26437611857491,1,-0.43613402270292756
2,0.4,0.2,0.0,0.01,0.2782559402207124,1,-0.4400513803658135
2,0.4,0.2,0.0,0.01,0.2928644564625237,1,-0.4440915933989098
2,0.4,0.2,0.0,0.01,0.30823992397451433,1,-0.44825327486989197
2,0.4,0.2,0.0,0.01,0.32442260791716304,1,-0.45253429824274605
2,0.4,0.2,0.0,0.01,0.34145488738336016,1,-0.4569317149616614
2,0.4,0.2,0.0,0.01,0.35938136638046275,1,-0.46144166727291047
2,0.4,0.2,0.0,0.01,0.37824899063893846,1,-0.4660592965648025
2,0.4,0.2,0.0,0.01,0.39810717055349726,1,-0.4707786476399578
2,0.4,0.2,0.0,0.01,0.41900791057866693,1,-0.47559256948651596
2,0.4,0.2,0.0,0.01,0.4410059454176737,1,-0.4804926132925269
2,0.4,0.2,0.0,0.01,0.4641588833612779,1,-0.485468928646704
2,0.4,0.2,0.0,0.01,0.4885273571519389,1,-0.49051015909227225
2,0.4,0.2,0.0,0.01,0.5141751827683927,1,-0.49560333844591575
2,0.4,0.2,0.0,0.01,0.5411695265464637,1,-0.5007337895608588
2,0.4,0.2,0.0,0.01,0.5695810810737687,1,-0.5058850274964333
2,0.4,0.2,0.0,0.01,0.599484250318941,1,-0.5110386693556013
2,0.4,0.2,0.0,0.01,0.6309573444801932,1,-0.5161743533539709
2,0.4,0.2,0.0,0.01,0.6640827850634842,1,-0.5212696699886998
2,0.4,0.2,0.0,0.01,0.6989473207273484,1,-0.5263001084629959
2,0.4,0.2,0.0,0.01,0.7356422544596414,1,-0.5312390217865004
2,0.4,0.2,0.0,0.01,0.7742636826811271,1,-0.536057614195018
2,0.4,0.2,0.0,0.01,0.8149127469020743,1,-0.5407249546913295
2,0.4,0.2,0.0,0.01,0.8576958985908941,1,-0.5452080205939791
2,0.4,0.2,0.0,0.01,0.9027251779484575,1,-0.5494717749571776
2,0.4,0.2,0.0,0.01,0.9501185073181437,1,-0.5534792815808598
2,0.4,0.2,0.0,0.01,1.0,1,-0.5571918610349003
2,0.4,0.2,0.0,0.01,1.052500285277733,1,-0.5605692906621607
2,0.4,0.2,0.0,0.01,1.107756850509709,1,-0.563570050876161
2,0.4,0.2,0.0,0.01,1.1659144011798317,1,-0.5661516192262739
2,0.4,0.2,0.0,0.01,1.22712523985119,1,-0.5682708126567682
2,0.4,0.2,0.0,0.01,1.2915496650148839,1,-0.5698841771435537
2,0.4,0.2,0.0,0.01,1.3593563908785256,1,-0.5709484224694306
2,0.4,0.2,0.0,0.01,1.4307229891937576,1,-0.5714208983267244
2,0.4,0.2,0.0,0.01,1.5058363542798405,1,-0.5712601062572098
2,0.4,0.2,0.0,0.01,1.5848931924611136,1,-0.5704262402153493
2,0.4,0.2,0.0,0.01,1.6681005372000588,1,-0.5688817468393004
2,0.4,0.2,0.0,0.01,1.7556762912750012,1,-0.5665918949236071
2,0.4,0.2,0.0,0.01,1.847849797422291,1,-0.563525342191773
2,0.4,0.2,0.0,0.01,1.944862438937362,1,-0.5596546863672058
2,0.4,0.2,0.0,0.01,2.046968271807521,1,-0.5549569868158244
2,0.4,0.2,0.0,0.01,2.154434690031884,1,-0.5494142427720505
2,0.4,0.2,0.0,0.01,2.2675431258708016,1,-0.5430138144160712
2,0.4,0.2,0.0,0.01,2.386589786858581,1,-0.5357487738811062
2,0.4,0.2,0.0,0.01,2.51188643150958,1,-0.5276181746476927
2,0.4,0.2,0.0,0.01,2.6437611857490997,1,-0.5186272296952121
2,0.4,0.2,0.0,0.01,2.7825594022071245,1,-0.5087873911724161
2,0.4,0.2,0.0,0.01,2.9286445646252366,1,-0.49811632712682963
2,0.4,0.2,0.0,0.01,3.082399239745143,1,-0.4866377938766653
2,0.4,0.2,0.0,0.01,3.24422607917163,1,-0.47438140577590326
2,0.4,0.2,0.0,0.01,3.4145488738336014,1,-0.4613823072653567
2,0.4,0.2,0.0,0.01,3.5938136638046276,1,-0.44768075506439464
2,0.4,0.2,0.0,0.01,3.782489906389384,1,-0.4333216209960411
2,0.4,0.2,0.0,0.01,3.9810717055349722,1,-0.4183538281346655
2,0.4,0.2,0.0,0.01,4.190079105786669,1,-0.402829734620902
2,0.4,0.2,0.0,0.01,4.4100594541767375,1,-0.38680448054203564
2,0.4,0.2,0.0,0.01,4.641588833612778,1,-0.37033531371455375
2,0.4,0.2,0.0,0.01,4.885273571519389,1,-0.3534809100238512
2,0.4,0.2,0.0,0.01,5.141751827683927,1,-0.3363007032396337
2,0.4,0.2,0.0,0.01,5.411695265464636,1,-0.31885423799454804
2,0.4,0.2,0.0,0.01,5.695810810737687,1,-0.3012005579884569
2,0.4,0.2,0.0,0.01,5.99484250318941,1,-0.28339763956967134
2,0.4,0.2,0.0,0.01,6.309573444801933,1,-0.26550187875259423
2,0.4,0.2,0.0,0.01,6.6408278506348415,1,-0.24756763757490807
2,0.4,0.2,0.0,0.01,6.989473207273485,1,-0.2296468535678664
2,0.4,0.2,0.0,0.01,7.3564225445964135,1,-0.21178871409927025
2,0.4,0.2,0.0,0.01,7.742636826811269,1,-0.19403939551596583
2,0.4,0.2,0.0,0.01,8.149127469020742,1,-0.17644186541290185
2,0.4,0.2,0.0,0.01,8.576958985908941,1,-0.1590357450100277
2,0.4,0.2,0.0,0.01,9.027251779484576,1,-0.14185722755664099
2,0.4,0.2,0.0,0.01,9.501185073181436,1,-0.12493904788357657
2,0.4,0.2,0.0,0.01,10.0,1,-0.10831049769166601
2,0.4,0.2,0.0,0.01,10.525002852777327,1,-0.09199748086494708
2,0.4,0.2,0.0,0.01,11.077568505097092,1,-0.07602260300395569
2,0.4,0.2,0.0,0.01,11.659144011798316,1,-0.06040528946245072
2,0.4,0.2,0.0,0.01,12.271252398511898,1,-0.0451619263914238
2,0.4,0.2,0.0,0.01,12.91549665014884,1,-0.03030601963313062
2,0.4,0.2,0.0,0.01,13.593563908785255,1,-0.01584836671845169
2,0.4,0.2,0.0,0.01,14.307229891937572,1,-0.0017972376817443347
2,0.4,0.2,0.0,0.01,15.058363542798407,1,0.011841439096649253
2,0.4,0.2,0.0,0.01,15.848931924611133,1,0.02506388932002057
2,0.4,0.2,0.0,0.01,16.68100537200059,1,0.03786830628562665
2,0.4,0.2,0.0,0.01,17.556762912750013,1,0.05025466781900523
2,0.4,0.2,0.0,0.01,18.478497974222908,1,0.062224558543810815
2,0.4,0.2,0.0,0.01,19.448624389373624,1,0.0737809989914906
2,0.4,0.2,0.0,0.01,20.46968271807521,1,0.08492828270982855
2,0.4,0.2,0.0,0.01,21.544346900318832,1,0.09567182219667458
2,0.4,0.2,0.0,0.01,22.67543125870802,1,0.10601800422198604
2,0.4,0.2,0.0,0.01,23.865897868585808,1,0.11597405485448409
2,0.4,0.2,0.0,0.01,25.118864315095795,1,0.1255479143204452
2,0.4,0.2,0.0,0.01,26.437611857491,1,0.13474812164597783
2,0.4,0.2,0.0,0.01,27.825594022071243,1,0.14358370891338623
2,0.4,0.2,0.0,0.01,29.286445646252357,1,0.15206410484134292
2,0.4,0.2,0.0,0.01,30.823992397451434,1,0.16019904733968193
2,0.4,0.2,0.0,0.01,32.4422607917163,1,0.16799850460533783
2,0.4,0.2,0.0,0.01,34.14548873833603,1,0.17547260430090805
2,0.4,0.2,0.0,0.01,35.938136638046274,1,0.18263157033024946
2,0.4,0.2,0.0,0.01,37.824899063893845,1,0.18948566670360378
2,0.4,0.2,0.0,0.01,39.810717055349734,1,0.19604514798448047
2,0.4,0.2,0.0,0.01,41.90079105786669,1,0.20232021582864412
2,0.4,0.2,0.0,0.01,44.100594541767364,1,0.20832098110907804
2,0.4,0.2,0.0,0.01,46.4158883361278,1,0.2140574311748411
2,0.4,0.2,0.0,0.01,48.852735715193894,1,0.2195394017671104
2,0.4,0.2,0.0,0.01,51.41751827683925,1,0.22477655319230738
2,0.4,0.2,0.0,0.01,54.116952654646376,1,0.2297783503142803
2,0.4,0.2,0.0,0.01,56.958108107376866,1,0.23455404602141794
2,0.4,0.2,0.0,0.01,59.94842503189409,1,0.23911266778184892
2,0.4,0.2,0.0,0.01,63.09573444801933,1,0.24346300698367962
2,0.4,0.2,0.0,0.01,66.40827850634841,1,0.24761361074165933
2,0.4,0.2,0.0,0.01,69.89473207273487,1,0.25157277590259763
2,0.4,0.2,0.0,0.01,73.56422544596414,1,0.25534854498447945
2,0.4,0.2,0.0,0.01,77.4263682681127,1,0.2589487038226368
2,0.4,0.2,0.0,0.01,81.49127469020745,1,0.26238078071001425
2,0.4,0.2,0.0,0.01,85.76958985908941,1,0.26565204683803856
2,0.4,0.2,0.0,0.01,90.27251779484574,1,0.2687695178557492
2,0.4,0.2,0.0,0.01,95.01185073181439,1,0.27173995640910054
2,0.4,0.2,0.0,0.01,100.0,1,0.27456987550622536
2,0.4,0.2,0.0,0.05,0.010000000000000002,1,-2.014640821188507
2,0.4,0.2,0.0,0.05,0.010525002852777327,1,-2.015710291680417
2,0.4,0.2,0.0,0.05,0.011077568505097092,1,-2.016835152359231
2,0.4,0.2,0.0,0.05,0.011659144011798317,1,-2.018018229949281
2,0.4,0.2,0.0,0.05,0.012271252398511897,1,-2.0192624908753176
2,0.4,0.2,0.0,0.05,0.01291549665014884,1,-2.020571047668407
2,0.4,0.2,0.0,0.05,0.013593563908785255,1,-2.0219471656089394
2,0.4,0.2,0.0,0.05,0.014307229891937572,1,-2.023394269609935
2,0.4,0.2,0.0,0.05,0.015058363542798407,1,-2.024915951341222
2,0.4,0.2,0.0,0.05,0.015848931924611134,1,-2.0265159765945895
2,0.4,0.2,0.0,0.05,0.016681005372000592,1,-2.0281982928885056
2,0.4,0.2,0.0,0.05,0.017556762912750015,1,-2.0299670373102763
2,0.4,0.2,0.0,0.05,0.018478497974222907,1,-2.031826544590043
2,0.4,0.2,0.0,0.05,0.019448624389373625,1,-2.033781355401243
2,0.4,0.2,0.0,0.05,0.02046968271807521,1,-2.0358362248779516
2,0.4,0.2,0.0,0.05,0.021544346900318832,1,-2.037996131338493
2,0.4,0.2,0.0,0.05,0.02267543125870802,1,-2.040266285200476
2,0.4,0.2,0.0,0.05,0.023865897868585808,1,-2.0426521380705553
2,0.4,0.2,0.0,0.05,0.025118864315095794,1,-2.0451593919871947
2,0.4,0.2,0.0,0.05,0.026437611857490998,1,-2.0477940087912927
2,0.4,0.2,0.0,0.05,0.027825594022071243,1,-2.0505622195950424
2,0.4,0.2,0.0,0.05,0.02928644564625236,1,-2.0534705343135617
2,0.4,0.2,0.0,0.05,0.030823992397451434,1,-2.0565257512184076
2,0.4,0.2,0.0,0.05,0.0324422607917163,1,-2.059734966465765
2,0.4,0.2,0.0,0.05,0.034145488738336026,1,-2.0631055835441003
2,0.4,0.2,0.0,0.05,0.03593813663804628,1,-2.0666453225792747
2,0.4,0.2,0.0,0.05,0.037824899063893844,1,-2.070362229424727
2,0.4,0.2,0.0,0.05,0.039810717055349734,1,-2.0742646844555734
2,0.4,0.2,0.0,0.05,0.04190079105786669,1,-2.078361410974172
2,0.4,0.2,0.0,0.05,0.04410059454176737,1,-2.082661483122128
2,0.4,0.2,0.0,0.05,0.046415888336127795,1,-2.0871743331814407
2,0.4,0.2,0.0,0.05,0.04885273571519389,1,-2.091909758131505
2,0.4,0.2,0.0,0.05,0.051417518276839255,1,-2.096877925313978
2,0.4,0.2,0.0,0.05,0.054116952654646375,1,-2.102089377038363
2,0.4,0.2,0.0,0.05,0.056958108107376865,1,-2.1075550339435867
2,0.4,0.2,0.0,0.05,0.05994842503189409,1,-2.1132861969077377
2,0.4,0.2,0.0,0.05,0.06309573444801933,1,-2.119294547276751
2,0.4,0.2,0.0,0.05,0.06640827850634841,1,-2.1255921451574955
2,0.4,0.2,0.0,0.05,0.06989473207273486,1,-2.1321914254922136
2,0.4,0.2,0.0,0.05,0.07356422544596414,1,-2.1391051916044512
2,0.4,0.2,0.0,0.05,0.0774263682681127,1,-2.146346605872196
2,0.4,0.2,0.0,0.05,0.08149127469020745,1,-2.153929177152236
2,0.4,0.2,0.0,0.05,0.08576958985908942,1,-2.1618667445413853
2,0.4,0.2,0.0,0.05,0.09027251779484574,1,-2.1701734570227837
2,0.4,0.2,0.0,0.05,0.0950118507318144,1,-2.178863748503035
2,0.4,0.2,0.0,0.05,0.1,1,-2.187952307702279
2,0.4,0.2,0.0,0.05,0.10525002852777329,1,-2.1974540423135625
2,0.4,0.2,0.0,0.05,0.11077568505097089,1,-2.2073840367991093
2,0.4,0.2,0.0,0.05,0.11659144011798317,1,-2.2177575031406715
2,0.4,0.2,0.0,0.05,0.122712523985119,1,-2.2285897238103147
2,0.4,0.2,0.0,0.05,0.1291549665014884,1,-2.2398959861741785
2,0.4,0.2,0.0,0.05,0.13593563908785256,1,-2.2516915074882404
2,0.4,0.2,0.0,0.05,0.14307229891937576,1,-2.2639913495943076
2,0.4,0.2,0.0,0.05,0.15058363542798409,1,-2.276810322369116
2,0.4,0.2,0.0,0.05,0.15848931924611134,1,-2.2901628749332104
2,0.4,0.2,0.0,0.05,0.16681005372000587,1,-2.3040629735801788
2,0.4,0.2,0.0,0.05,0.17556762912750015,1,-2.3185239653460643
2,0.4,0.2,0.0,0.05,0.18478497974222913,1,-2.333558426108018
2,0.4,0.2,0.0,0.05,0.1944862438937362,1,-2.3491779920795763
2,0.4,0.2,0.0,0.05,0.2046968271807521,1,-2.365393173560315
2,0.4,0.2,0.0,0.05,0.2154434690031884,1,-2.3822131498071664
2,0.4,0.2,0.0,0.05,0.22675431258708015,1,-2.3996455439210362
2,0.4,0.2,0.0,0.05,0.2386589786858581,1,-2.417696176697093
2,0.4,0.2,0.0,0.05,0.251188643150958,1,-2.436368798467947
2,0.4,0.2,0.0,0.05,0.26437611857491,1,-2.4556647980885193
2,0.4,0.2,0.0,0.05,0.2782559402207124,1,-2.4755828883682662
2,0.4,0.2,0.0,0.05,0.2928644564625237,1,-2.496118767466282
2,0.4,0.2,0.0,0.05,0.30823992397451433,1,-2.5172647560248285
2,0.4,0.2,0.0,0.05,0.32442260791716304,1,-2.5390094101429894
2,0.4,0.2,0.0,0.05,0.34145488738336016,1,-2.5613371106887772
2,0.4,0.2,0.0,0.05,0.35938136638046275,1,-2.5842276299215206
2,0.4,0.2,0.0,0.05,0.37824899063893846,1,-2.6076556769572434
2,0.4,0.2,0.0,0.05,0.39810717055349726,1,-2.6315904242664723
2,0.4,0.2,0.0,0.05,0.41900791057866693,1,-2.6559950181453074
2,0.4,0.2,0.0,0.05,0.4410059454176737,1,-2.680826076962073
2,0.4,0.2,0.0,0.05,0.4641588833612779,1,-2.7060331819460104
2,0.4,0.2,0.0,0.05,0.4885273571519389,1,-2.7315583663559684
2,0.4,0.2,0.0,0.05,0.5141751827683927,1,-2.757335610041056
2,0.4,0.2,0.0,0.05,0.5411695265464637,1,-2.783290347668077
2,0.4,0.2,0.0,0.05,0.5695810810737687,1,-2.8093390002318586
2,0.4,0.2,0.0,0.05,0.599484250318941,1,-2.8353885408571755
2,0.4,0.2,0.0,0.05,0.6309573444801932,1,-2.861336107314394
2,0.4,0.2,0.0,0.05,0.6640827850634842,1,-2.88706867506634
2,0.4,0.2,0.0,0.05,0.6989473207273484,1,-2.9124628059852053
2,0.4,0.2,0.0,0.05,0.7356422544596414,1,-2.937384489070194
2,0.4,0.2,0.0,0.05,0.7742636826811271,1,-2.961689090478281
2,0.4,0.2,0.0,0.05,0.8149127469020743,1,-2.985221430875429
2,0.4,0.2,0.0,0.05,0.8576958985908941,1,-3.0078160084275885
2,0.4,0.2,0.0,0.05,0.9027251779484575,1,-3.029297385582075
2,0.4,0.2,0.0,0.05,0.9501185073181437,1,-3.0494807570403126
2,0.4,0.2,0.0,0.05,1.0,1,-3.068172714892259
2,0.4,0.2,0.0,0.05,1.052500285277733,1,-3.085172224679178
2,0.4,0.2,0.0,0.05,1.107756850509709,1,-3.1002718231032955
2,0.4,0.2,0.0,0.05,1.1659144011798317,1,-3.113259044154182
2,0.4,0.2,0.0,0.05,1.22712523985119,1,-3.1239180755623264
2,0.4,0.2,0.0,0.05,1.2915496650148839,1,-3.1320316417369765
2,0.4,0.2,0.0,0.05,1.3593563908785256,1,-3.1373831027842525
2,0.4,0.2,0.0,0.05,1.4307229891937576,1,-3.1397587519580106
2,0.4,0.2,0.0,0.05,1.5058363542798405,1,-3.138950286174458
2,0.4,0.2,0.0,0.05,1.5848931924611136,1,-3.1347574162761127
2,0.4,0.2,0.0,0.05,1.6681005372000588,1,-3.1269905758814165
2,0.4,0.2,0.0,0.05,1.7556762912750012,1,-3.1154736802698424
2,0.4,0.2,0.0,0.05,1.847849797422291,1,-3.1000468802271253
2,0.4,0.2,0.0,0.05,1.944862438937362,1,-3.0805692505239235
2,0.4,0.2,0.0,0.05,2.046968271807521,1,-3.056921349121211
2,0.4,0.2,0.0,0.05,2.154434690031884,1,-3.0290075816442608
2,0.4,0.2,0.0,0.05,2.2675431258708016,1,-2.9967583064250514
2,0.4,0.2,0.0,0.05,2.386589786858581,1,-2.960131618664519
2,0.4,0.2,0.0,0.05,2.51188643150958,1,-2.9191147580644006
2,0.4,0.2,0.0,0.05,2.6437611857490997,1,-2.873725092545032
2,0.4,0.2,0.0,0.05,2.7825594022071245,1,-2.824010641156627
2,0.4,0.2,0.0,0.05,2.9286445646252366,1,-2.7700501116444953
2,0.4,0.2,0.0,0.05,3.082399239745143,1,-2.711952441825105
2,0.4,0.2,0.0,0.05,3.24422607917163,1,-2.6498558483799894
2,0.4,0.2,0.0,0.05,3.4145488738336014,1,-2.5839264012090912
2,0.4,0.2,0.0,0.05,3.5938136638046276,1,-2.514356155426023
2,0.4,0.2,0.0,0.05,3.782489906389384,1,-2.4413608857761226
2,0.4,0.2,0.0,0.05,3.9810717055349722,1,-2.365177479136349
2,0.4,0.2,0.0,0.05,4.190079105786669,1,-2.286061049345489
2,0.4,0.2,0.0,0.05,4.4100594541767375,1,-2.2042818445935697
2,0.4,0.2,0.0,0.05,4.641588833612778,1,-2.1201220207977545
2,0.4,0.2,0.0,0.05,4.885273571519389,1,-2.0338723547983273
2,0.4,0.2,0.0,0.05,5.141751827683927,1,-1.9458289689727737
2,0.4,0.2,0.0,0.05,5.411695265464636,1,-1.8562901342513816
2,0.4,0.2,0.0,0.05,5.695810810737687,1,-1.7655532119175588
2,0.4,0.2,0.0,0.05,5.99484250318941,1,-1.6739117864268849
2,0.4,0.2,0.0,0.05,6.309573444801933,1,-1.5816530322761424
2,0.4,0.2,0.0,0.05,6.6408278506348415,1,-1.4890553481781699
2,0.4,0.2,0.0,0.05,6.989473207273485,1,-1.3963862819206807
2,0.4,0.2,0.0,0.05,7.3564225445964135,1,-1.3039007597054564
2,0.4,0.2,0.0,0.05,7.742636826811269,1,-1.211839624833544
2,0.4,0.2,0.0,0.05,8.149127469020742,1,-1.1204284825759747
2,0.4,0.2,0.0,0.05,8.576958985908941,1,-1.0298768411425296
2,0.4,0.2,0.0,0.05,9.027251779484576,1,-0.94037753293017
2,0.4,0.2,0.0,0.05,9.501185073181436,1,-0.8521063957418917
2,0.4,0.2,0.0,0.05,10.0,1,-0.7652221903820977
2,0.4,0.2,0.0,0.05,10.525002852777327,1,-0.6798667288971938
2,0.4,0.2,0.0,0.05,11.077568505097092,1,-0.5961651866067896
2,0.4,0.2,0.0,0.05,11.659144011798316,1,-0.5142265708666605
2,0.4,0.2,0.0,0.05,12.271252398511898,1,-0.43414432002893966
2,0.4,0.2,0.0,0.05,12.91549665014884,1,-0.3559970072152363
2,0.4,0.2,0.0,0.05,13.593563908785255,1,-0.27984912511767046
2,0.4,0.2,0.0,0.05,14.307229891937572,1,-0.2057519299746957
2,0.4,0.2,0.0,0.05,15.058363542798407,1,-0.13374432501526146
2,0.4,0.2,0.0,0.05,15.848931924611133,1,-0.06385376591185876
2,0.4,0.2,0.0,0.05,16.68100537200059,1,0.0039028269457341835
2,0.4,0.2,0.0,0.05,17.556762912750013,1,0.0695181623128649
2,0.4,0.2,0.0,0.05,18.478497974222908,1,0.13299368893104901
2,0.4,0.2,0.0,0.05,19.448624389373624,1,0.19433873219352193
2,0.4,0.2,0.0,0.05,20.46968271807521,1,0.25356966366250067
2,0.4,0.2,0.0,0.05,21.544346900318832,1,0.31070910882737834
2,0.4,0.2,0.0,0.05,22.67543125870802,1,0.3657851970250148
2,0.4,0.2,0.0,0.05,23.865897868585808,1,0.4188308561777987
2,0.4,0.2,0.0,0.05,25.118864315095795,1,0.4698831539128756
2,0.4,0.2,0.0,0.05,26.437611857491,1,0.5189826856913493
2,0.4,0.2,0.0,0.05,27.825594022071243,1,0.5661730098164064
2,0.4,0.2,0.0,0.05,29.286445646252357,1,0.6115001285552424
2,0.4,0.2,0.0,0.05,30.823992397451434,1,0.6550120141184834
2,0.4,0.2,0.0,0.05,32.4422607917163,1,0.6967581778414722
2,0.4,0.2,0.0,0.05,34.14548873833603,1,0.7367892806320109
2,0.4,0.2,0.0,0.05,35.938136638046274,1,0.7751567825444505
2,0.4,0.2,0.0,0.05,37.824899063893845,1,0.8119126291930456
2,0.4,0.2,0.0,0.05,39.810717055349734,1,0.8471089726599601
2,0.4,0.2,0.0,0.05,41.90079105786669,1,0.8807979245180286
2,0.4,0.2,0.0,0.05,44.100594541767364,1,0.9130313385962374
2,0.4,0.2,0.0,0.05,46.4158883361278,1,0.9438606211838341
2,0.4,0.2,0.0,0.05,48.852735715193894,1,0.9733365664068794
2,0.4,0.2,0.0,0.05,51.41751827683925,1,1.0015092146356874
2,0.4,0.2,0.0,0.05,54.116952654646376,1,1.0284277318406199
2,0.4,0.2,0.0,0.05,56.958108107376866,1,1.054140307978857
2,0.4,0.2,0.0,0.05,59.94842503189409,1,1.0786940725417082
2,0.4,0.2,0.0,0.05,63.09573444801933,1,1.1021350255914442
2,0.4,0.2,0.0,0.05,66.40827850634841,1,1.1245079826481152
2,0.4,0.2,0.0,0.05,69.89473207273487,1,1.145856531987599
2,0.4,0.2,0.0,0.05,73.56422544596414,1,1.1662230029622522
2,0.4,0.2,0.0,0.05,77.4263682681127,1,1.185648444092835
2,0.4,0.2,0.0,0.05,81.49127469020745,1,1.204172609798504
2,0.4,0.2,0.0,0.05,85.76958985908941,1,1.2218339546951285
2,0.4,0.2,0.0,0.05,90.27251779484574,1,1.2386696345218384
2,0.4,0.2,0.0,0.05,95.01185073181439,1,1.2547155128218357
2,0.4,0.2,0.0,0.05,100.0,1,1.270006172600624
2,0.4,0.2,0.0,0.1,0.010000000000000002,1,-4.782196695961948
2,0.4,0.2,0.0,0.1,0.010525002852777327,1,-4.784390160685437
2,0.4,0.2,0.0,0.1,0.011077568505097092,1,-4.786697172305554
2,0.4,0.2,0.0,0.1,0.011659144011798317,1,-4.789123519321592
2,0.4,0.2,0.0,0.1,0.012271252398511897,1,-4.791675275650609
2,0.4,0.2,0.0,0.1,0.01291549665014884,1,-4.794358813643019
2,0.4,0.2,0.0,0.1,0.013593563908785255,1,-4.797180817572766
2,0.4,0.2,0.0,0.1,0.014307229891937572,1,-4.800148297605533
2,0.4,0.2,0.0,0.1,0.015058363542798407,1,-4.803268604245837
2,0.4,0.2,0.0,0.1,0.015848931924611134,1,-4.806549443261565
2,0.4,0.2,0.0,0.1,0.016681005372000592,1,-4.809998891081579
2,0.4,0.2,0.0,0.1,0.017556762912750015,1,-4.813625410659073
2,0.4,0.2,0.0,0.1,0.018478497974222907,1,-4.8174378677897645
2,0.4,0.2,0.0,0.1,0.019448624389373625,1,-4.821445547868864
2,0.4,0.2,0.0,0.1,0.02046968271807521,1,-4.8256581730672155
2,0.4,0.2,0.0,0.1,0.021544346900318832,1,-4.8300859199011725
2,0.4,0.2,0.0,0.1,0.02267543125870802,1,-4.834739437163704
2,0.4,0.2,0.0,0.1,0.023865897868585808,1,-4.8396298641794395
2,0.4,0.2,0.0,0.1,0.025118864315095794,1,-4.844768849335768
2,0.4,0.2,0.0,0.1,0.026437611857490998,1,-4.850168568836255
2,0.4,0.2,0.0,0.1,0.027825594022071243,1,-4.8558417456106895
2,0.4,0.2,0.0,0.1,0.02928644564625236,1,-4.8618016683064535
2,0.4,0.2,0.0,0.1,0.030823992397451434,1,-4.868062210272761
2,0.4,0.2,0.0,0.1,0.0324422607917163,1,-4.874637848437457
2,0.4,0.2,0.0,0.1,0.034145488738336026,1,-4.881543681958156
2,0.4,0.2,0.0,0.1,0.03593813663804628,1,-4.8887954505158815
2,0.4,0.2,0.0,0.1,0.037824899063893844,1,-4.896409552099024
2,0.4,0.2,0.0,0.1,0.039810717055349734,1,-4.904403060104723
2,0.4,0.2,0.0,0.1,0.04190079105786669,1,-4.9127937395642585
2,0.4,0.2,0.0,0.1,0.04410059454176737,1,-4.921600062271169
2,0.4,0.2,0.0,0.1,0.046415888336127795,1,-4.930841220566229
2,0.4,0.2,0.0,0.1,0.04885273571519389,1,-4.9405371395013
2,0.4,0.2,0.0,0.1,0.051417518276839255,1,-4.950708487072819
2,0.4,0.2,0.0,0.1,0.054116952654646375,1,-4.961376682177754
2,0.4,0.2,0.0,0.1,0.056958108107376865,1,-4.972563899907945
2,0.4,0.2,0.0,0.1,0.05994842503189409,1,-4.984293073753254
2,0.4,0.2,0.0,0.1,0.06309573444801933,1,-4.996587894239979
2,0.4,0.2,0.0,0.1,0.06640827850634841,1,-5.00947280347911
2,0.4,0.2,0.0,0.1,0.06989473207273486,1,-5.022972985044105
2,0.4,0.2,0.0,0.1,0.07356422544596414,1,-5.037114348541561
2,0.4,0.2,0.0,0.1,0.0774263682681127,1,-5.051923508171463
2,0.4,0.2,0.0,0.1,0.08149127469020745,1,-5.06742775450959
2,0.4,0.2,0.0,0.1,0.08576958985908942,1,-5.0836550186701075
2,0.4,0.2,0.0,0.1,0.09027251779484574,1,-5.100633827930812
2,0.4,0.2,0.0,0.1,0.0950118507318144,1,-5.118393251822296
2,0.4,0.2,0.0,0.1,0.1,1,-5.136962837596504
2,0.4,0.2,0.0,0.1,0.10525002852777329,1,-5.1563725339014095
2,0.4,0.2,0.0,0.1,0.11077568505097089,1,-5.1766526013954035
2,0.4,0.2,0.0,0.1,0.11659144011798317,1,-5.197833508938765
2,0.4,0.2,0.0,0.1,0.122712523985119,1,-5.219945813903171
2,0.4,0.2,0.0,0.1,0.1291549665014884,1,-5.2430200250395576
2,0.4,0.2,0.0,0.1,0.13593563908785256,1,-5.267086446247404
2,0.4,0.2,0.0,0.1,0.14307229891937576,1,-5.2921749994917615
2,0.4,0.2,0.0,0.1,0.15058363542798409,1,-5.318315025021048
2,0.4,0.2,0.0,0.1,0.15848931924611134,1,-5.345535056954153
2,0.4,0.2,0.0,0.1,0.16681005372000587,1,-5.373862572227539
2,0.4,0.2,0.0,0.1,0.17556762912750015,1,-5.4033237108309535
2,0.4,0.2,0.0,0.1,0.18478497974222913,1,-5.433942965213923
2,0.4,0.2,0.0,0.1,0.1944862438937362,1,-5.465742836721244
2,0.4,0.2,0.0,0.1,0.2046968271807521,1,-5.498743456920774
2,0.4,0.2,0.0,0.1,0.2154434690031884,1,-5.532962171724998
2,0.4,0.2,0.0,0.1,0.22675431258708015,1,-5.568413086287771
2,0.4,0.2,0.0,0.1,0.2386589786858581,1,-5.605106568790486
2,0.4,0.2,0.0,0.1,0.251188643150958,1,-5.643048711419518
2,0.4,0.2,0.0,0.1,0.26437611857491,1,-5.682240747099987
2,0.4,0.2,0.0,0.1,0.2782559402207124,1,-5.722678420890093
2,0.4,0.2,0.0,0.1,0.2928644564625237,1,-5.764351315377237
2,0.4,0.2,0.0,0.1,0.30823992397451433,1,-5.807242129956691
2,0.4,0.2,0.0,0.1,0.32442260791716304,1,-5.851325914535788
2,0.4,0.2,0.0,0.1,0.34145488738336016,1,-5.896569259000051
2,0.4,0.2,0.0,0.1,0.35938136638046275,1,-5.942929440719147
2,0.4,0.2,0.0,0.1,0.37824899063893846,1,-5.990353533470472
2,0.4,0.2,0.0,0.1,0.39810717055349726,1,-6.038777482430424
2,0.4,0.2,0.0,0.1,0.41900791057866693,1,-6.0881251513334895
2,0.4,0.2,0.0,0.1,0.4410059454176737,1,-6.138307349537408
2,0.4,0.2,0.0,0.1,0.4641588833612779,1,-6.189220848554545
2,0.4,0.2,0.0,0.1,0.4885273571519389,1,-6.240747399618163
2,0.4,0.2,0.0,0.1,0.5141751827683927,1,-6.292752766026477
2,0.4,0.2,0.0,0.1,0.5411695265464637,1,-6.345085786334104
2,0.4,0.2,0.0,0.1,0.5695810810737687,1,-6.3975774869008735
2,0.4,0.2,0.0,0.1,0.599484250318941,1,-6.450040264823798
2,0.4,0.2,0.0,0.1,0.6309573444801932,1,-6.5022671647992025
2,0.4,0.2,0.0,0.1,0.6640827850634842,1,-6.554031275925254
2,0.4,0.2,0.0,0.1,0.6989473207273484,1,-6.60508527675484
2,0.4,0.2,0.0,0.1,0.7356422544596414,1,-6.655161158941758
2,0.4,0.2,0.0,0.1,0.7742636826811271,1,-6.703970161455198
2,0.4,0.2,0.0,0.1,0.8149127469020743,1,-6.751202948426805
2,0.4,0.2,0.0,0.1,0.8576958985908941,1,-6.796530064078798
2,0.4,0.2,0.0,0.1,0.9027251779484575,1,-6.839602697694436
2,0.4,0.2,0.0,0.1,0.9501185073181437,1,-6.880053790062535
2,0.4,0.2,0.0,0.1,1.0,1,-6.917499510092096
2,0.4,0.2,0.0,0.1,1.052500285277733,1,-6.9515411261975135
2,0.4,0.2,0.0,0.1,1.107756850509709,1,-6.981767291485319
2,0.4,0.2,0.0,0.1,1.1659144011798317,1,-7.007756754646022
2,0.4,0.2,0.0,0.1,1.22712523985119,1,-7.029081499751733
2,0.4,0.2,0.0,0.1,1.2915496650148839,1,-7.0453103079250345
2,0.4,0.2,0.0,0.1,1.3593563908785256,1,-7.056012722220528
2,0.4,0.2,0.0,0.1,1.4307229891937576,1,-7.060763384267965
2,0.4,0.2,0.0,0.1,1.5058363542798405,1,-7.059146697599328
2,0.4,0.2,0.0,0.1,1.5848931924611136,1,-7.0507617585569555
2,0.4,0.2,0.0,0.1,1.6681005372000588,1,-7.035227481780937
2,0.4,0.2,0.0,0.1,1.7556762912750012,1,-7.012187834110051
2,0.4,0.2,0.0,0.1,1.847849797422291,1,-6.981317078971405
2,0.4,0.2,0.0,0.1,1.944862438937362,1,-6.942324923662113
2,0.4,0.2,0.0,0.1,2.046968271807521,1,-6.894961455018567
2,0.4,0.2,0.0,0.1,2.154434690031884,1,-6.83902174543346
2,0.4,0.2,0.0,0.1,2.2675431258708016,1,-6.774350011518271
2,0.4,0.2,0.0,0.1,2.386589786858581,1,-6.70084321226414
2,0.4,0.2,0.0,0.1,2.51188643150958,1,-6.618453982476402
2,0.4,0.2,0.0,0.1,2.6437611857490997,1,-6.527192810474469
2,0.4,0.2,0.0,0.1,2.7825594022071245,1,-6.427129386237729
2,0.4,0.2,0.0,0.1,2.9286445646252366,1,-6.318393066796069
2,0.4,0.2,0.0,0.1,3.082399239745143,1,-6.201172428933366
2,0.4,0.2,0.0,0.1,3.24422607917163,1,-6.075713904249113
2,0.4,0.2,0.0,0.1,3.4145488738336014,1,-5.942319517238159
2,0.4,0.2,0.0,0.1,3.5938136638046276,1,-5.801343772166834
2,0.4,0.2,0.0,0.1,3.782489906389384,1,-5.653189758036115
2,0.4,0.2,0.0,0.1,3.9810717055349722,1,-5.498304561799916
2,0.4,0.2,0.0,0.1,4.190079105786669,1,-5.337174097367125
2,0.4,0.2,0.0,0.1,4.4100594541767375,1,-5.1703174710965865
2,0.4,0.2,0.0,0.1,4.641588833612778,1,-4.9982810130581035
2,0.4,0.2,0.0,0.1,4.885273571519389,1,-4.821632107107254
2,0.4,0.2,0.0,0.1,5.141751827683927,1,-4.640952951898303
2,0.4,0.2,0.0,0.1,5.411695265464636,1,-4.456834379648777
2,0.4,0.2,0.0,0.1,5.695810810737687,1,-4.269869850297459
2,0.4,0.2,0.0,0.1,5.99484250318941,1,-4.080649726331043
2,0.4,0.2,0.0,0.1,6.309573444801933,1,-3.8897559187620168
2,0.4,0.2,0.0,0.1,6.6408278506348415,1,-3.6977569783371744
2,0.4,0.2,0.0,0.1,6.989473207273485,1,-3.505203688845593
2,0.4,0.2,0.0,0.1,7.3564225445964135,1,-3.3126252021221436
2,0.4,0.2,0.0,0.1,7.742636826811269,1,-3.1205257376863194
2,0.4,0.2,0.0,0.1,8.149127469020742,1,-2.9293818544490535
2,0.4,0.2,0.0,0.1,8.576958985908941,1,-2.73964028800332
2,0.4,0.2,0.0,0.1,9.027251779484576,1,-2.5517163349701777
2,0.4,0.2,0.0,0.1,9.501185073181436,1,-2.365992755882973
2,0.4,0.2,0.0,0.1,10.0,1,-2.182819160199201
2,0.4,0.2,0.0,0.1,10.525002852777327,1,-2.0025118312087864
2,0.4,0.2,0.0,0.1,11.077568505097092,1,-1.8253539447276368
2,0.4,0.2,0.0,0.1,11.659144011798316,1,-1.6515961333559481
2,0.4,0.2,0.0,0.1,12.271252398511898,1,-1.4814573475219306
2,0.4,0.2,0.0,0.1,12.91549665014884,1,-1.3151259652929514
2,0.4,0.2,0.0,0.1,13.593563908785255,1,-1.1527611047610686
2,0.4,0.2,0.0,0.1,14.307229891937572,1,-0.9944940954718651
2,0.4,0.2,0.0,0.1,15.058363542798407,1,-0.8404300686371435
2,0.4,0.2,0.0,0.1,15.848931924611133,1,-0.6906496295428055
2,0.4,0.2,0.0,0.1,16.68100537200059,1,-0.5452105794686246
2,0.4,0.2,0.0,0.1,17.556762912750013,1,-0.40414965842235917
2,0.4,0.2,0.0,0.1,18.478497974222908,1,-0.2674842839202829
2,0.4,0.2,0.0,0.1,19.448624389373624,1,-0.13521426485674226
2,0.4,0.2,0.0,0.1,20.46968271807521,1,-0.007323473080733667
2,0.4,0.2,0.0,0.1,21.544346900318832,1,0.11621854137469079
2,0.4,0.2,0.0,0.1,22.67543125870802,1,0.23545500243600248
2,0.4,0.2,0.0,0.1,23.865897868585808,1,0.35044043581868856
2,0.4,0.2,0.0,0.1,25.118864315095795,1,0.4612392784581365
2,0.4,0.2,0.0,0.1,26.437611857491,1,0.5679245733623661
2,0.4,0.2,0.0,0.1,27.825594022071243,1,0.6705767519278094
2,0.4,0.2,0.0,0.1,29.286445646252357,1,0.7692825042281415
2,0.4,0.2,0.0,0.1,30.823992397451434,1,0.8641337365619339
2,0.4,0.2,0.0,0.1,32.4422607917163,1,0.9552266144895905
2,0.4,0.2,0.0,0.1,34.14548873833603,1,1.0426606888045642
2,0.4,0.2,0.0,0.1,35.938136638046274,1,1.1265381012433462
2,0.4,0.2,0.0,0.1,37.824899063893845,1,1.20696286627342
2,0.4,0.2,0.0,0.1,39.810717055349734,1,1.2840402249710614
2,0.4,0.2,0.0,0.1,41.90079105786669,1,1.3578760667905643
2,0.4,0.2,0.0,0.1,44.100594541767364,1,1.4285764149035707
2,0.4,0.2,0.0,0.1,46.4158883361278,1,1.496246970775461
2,0.4,0.2,0.0,0.1,48.852735715193894,1,1.5609927136492896
2,0.4,0.2,0.0,0.1,51.41751827683925,1,1.622917550730385
2,0.4,0.2,0.0,0.1,54.116952654646376,1,1.6821240139540672
2,0.4,0.2,0.0,0.1,56.958108107376866,1,1.7387129994199446
2,0.4,0.2,0.0,0.1,59.94842503189409,1,1.79278354570942
2,0.4,0.2,0.0,0.1,63.09573444801933,1,1.8444326475525186
2,0.4,0.2,0.0,0.1,66.40827850634841,1,1.8937551014593934
2,0.4,0.2,0.0,0.1,69.89473207273487,1,1.9408433802094116
2,0.4,0.2,0.0,0.1,73.56422544596414,1,1.9857875332250918
2,0.4,0.2,0.0,0.1,77.4263682681127,1,2.0286751101432854
2,0.4,0.2,0.0,0.1,81.49127469020745,1,2.069591105045343
2,0.4,0.2,0.0,0.1,85.76958985908941,1,2.1086179190346277
2,0.4,0.2,0.0,0.1,90.27251779484574,1,2.1458353390185536
2,0.4,0.2,0.0,0.1,95.01185073181439,1,2.18132053076483
2,0.4,0.2,0.0,0.1,100.0,1,2.2151480444340343
2,0.4,0.2,0.0,0.2,0.010000000000000002,1,-13.28064452647787
2,0.4,0.2,0.0,0.2,0.010525002852777327,1,-13.285136724628899
2,0.4,0.2,0.0,0.2,0.011077568505097092,1,-13.289861187062657
2,0.4,0.2,0.0,0.2,0.011659144011798317,1,-13.294829724583046
2,0.4,0.2,0.0,0.2,0.012271252398511897,1,-13.300054727167709
2,0.4,0.2,0.0,0.2,0.01291549665014884,1,-13.305549190032352
2,0.4,0.2,0.0,0.2,0.013593563908785255,1,-13.311326740605544
2,0.4,0.2,0.0,0.2,0.014307229891937572,1,-13.317401666415307
2,0.4,0.2,0.0,0.2,0.015058363542798407,1,-13.323788943882175
2,0.4,0.2,0.0,0.2,0.015848931924611134,1,-13.330504268008958
2,0.4,0.2,0.0,0.2,0.016681005372000592,1,-13.337564082950726
2,0.4,0.2,0.0,0.2,0.017556762912750015,1,-13.344985613441207
2,0.4,0.2,0.0,0.2,0.018478497974222907,1,-13.352786897043734
2,0.4,0.2,0.0,0.2,0.019448624389373625,1,-13.360986817185495
2,0.4,0.2,0.0,0.2,0.02046968271807521,1,-13.369605136922647
2,0.4,0.2,0.0,0.2,0.021544346900318832,1,-13.378662533373253
2,0.4,0.2,0.0,0.2,0.02267543125870802,1,-13.388180632739955
2,0.4,0.2,0.0,0.2,0.023865897868585808,1,-13.398182045830719
2,0.4,0.2,0.0,0.2,0.025118864315095794,1,-13.40869040396787
2,0.4,0.2,0.0,0.2,0.026437611857490998,1,-13.419730395157881
2,0.4,0.2,0.0,0.2,0.027825594022071243,1,-13.431327800372639
2,0.4,0.2,0.0,0.2,0.02928644564625236,1,-13.443509529769916
2,0.4,0.2,0.0,0.2,0.030823992397451434,1,-13.456303658654534
2,0.4,0.2,0.0,0.2,0.0324422607917163,1,-13.4697394629539
2,0.4,0.2,0.0,0.2,0.034145488738336026,1,-13.483847453948094
2,0.4,0.2,0.0,0.2,0.03593813663804628,1,-13.498659411961246
2,0.4,0.2,0.0,0.2,0.037824899063893844,1,-13.514208418681594
2,0.4,0.2,0.0,0.2,0.039810717055349734,1,-13.530528887734661
2,0.4,0.2,0.0,0.2,0.04190079105786669,1,-13.547656593087954
2,0.4,0.2,0.0,0.2,0.04410059454176737,1,-13.565628694813903
2,0.4,0.2,0.0,0.2,0.046415888336127795,1,-13.584483761681799
2,0.4,0.2,0.0,0.2,0.04885273571519389,1,-13.604261789988591
2,0.4,0.2,0.0,0.2,0.051417518276839255,1,-13.625004217971604
2,0.4,0.2,0.0,0.2,0.054116952654646375,1,-13.646753935073386
2,0.4,0.2,0.0,0.2,0.056958108107376865,1,-13.669555285251977
2,0.4,0.2,0.0,0.2,0.05994842503189409,1,-13.69345406344279
2,0.4,0.2,0.0,0.2,0.06309573444801933,1,-13.718497504188953
2,0.4,0.2,0.0,0.2,0.06640827850634841,1,-13.744734261357205
2,0.4,0.2,0.0,0.2,0.06989473207273486,1,-13.77221437775148
2,0.4,0.2,0.0,0.2,0.07356422544596414,1,-13.80098924332367
2,0.4,0.2,0.0,0.2,0.0774263682681127,1,-13.83111154056067
2,0.4,0.2,0.0,0.2,0.08149127469020745,1,-13.862635175500737
2,0.4,0.2,0.0,0.2,0.08576958985908942,1,-13.895615192696386
2,0.4,0.2,0.0,0.2,0.09027251779484574,1,-13.930107672301927
2,0.4,0.2,0.0,0.2,0.0950118507318144,1,-13.966169607315626
2,0.4,0.2,0.0,0.2,0.1,1,-14.003858758853994
2,0.4,0.2,0.0,0.2,0.10525002852777329,1,-14.04323348718004
2,0.4,0.2,0.0,0.2,0.11077568505097089,1,-14.08435255604541
2,0.4,0.2,0.0,0.2,0.11659144011798317,1,-14.127274907746134
2,0.4,0.2,0.0,0.2,0.122712523985119,1,-14.17205940613101
2,0.4,0.2,0.0,0.2,0.1291549665014884,1,-14.218764544642394
2,0.4,0.2,0.0,0.2,0.13593563908785256,1,-14.267448116319137
2,0.4,0.2,0.0,0.2,0.14307229891937576,1,-14.318166842550017
2,0.4,0.2,0.0,0.2,0.15058363542798409,1,-14.370975957236942
2,0.4,0.2,0.0,0.2,0.15848931924611134,1,-14.425928742922567
2,0.4,0.2,0.0,0.2,0.16681005372000587,1,-14.48307601535327
2,0.4,0.2,0.0,0.2,0.17556762912750015,1,-14.542465552900275
2,0.4,0.2,0.0,0.2,0.18478497974222913,1,-14.604141467253239
2,0.4,0.2,0.0,0.2,0.1944862438937362,1,-14.668143511842402
2,0.4,0.2,0.0,0.2,0.2046968271807521,1,-14.734506324547937
2,0.4,0.2,0.0,0.2,0.2154434690031884,1,-14.803258601428338
2,0.4,0.2,0.0,0.2,0.22675431258708015,1,-14.874422198458504
2,0.4,0.2,0.0,0.2,0.2386589786858581,1,-14.94801115862604
2,0.4,0.2,0.0,0.2,0.251188643150958,1,-15.02403066220409
2,0.4,0.2,0.0,0.2,0.26437611857491,1,-15.102475898621748
2,0.4,0.2,0.0,0.2,0.2782559402207124,1,-15.183330859100774
2,0.4,0.2,0.0,0.2,0.2928644564625237,1,-15.266567050141688
2,0.4,0.2,0.0,0.2,0.30823992397451433,1,-15.352142129039581
2,0.4,0.2,0.0,0.2,0.32442260791716304,1,-15.43999846390819
2,0.4,0.2,0.0,0.2,0.34145488738336016,1,-15.530061622208379
2,0.4,0.2,0.0,0.2,0.35938136638046275,1,-15.62223879352802
2,0.4,0.2,0.0,0.2,0.37824899063893846,1,-15.716417154358497
2,0.4,0.2,0.0,0.2,0.39810717055349726,1,-15.812462184868536
2,0.4,0.2,0.0,0.2,0.41900791057866693,1,-15.910215950192274
2,0.4,0.2,0.0,0.2,0.4410059454176737,1,-16.009495361524507
2,0.4,0.2,0.0,0.2,0.4641588833612779,1,-16.11009043534165
2,0.4,0.2,0.0,0.2,0.4885273571519389,1,-16.211762572321476
2,0.4,0.2,0.0,0.2,0.5141751827683927,1,-16.31424288098873
2,0.4,0.2,0.0,0.2,0.5411695265464637,1,-16.41723057471688
2,0.4,0.2,0.0,0.2,0.5695810810737687,1,-16.520391474411156
2,0.4,0.2,0.0,0.2,0.599484250318941,1,-16.623356652903087
2,0.4,0.2,0.0,0.2,0.6309573444801932,1,-16.725721260699277
2,0.4,0.2,0.0,0.2,0.6640827850634842,1,-16.82704357613486
2,0.4,0.2,0.0,0.2,0.6989473207273484,1,-16.92684432603321
2,0.4,0.2,0.0,0.2,0.7356422544596414,1,-17.024606325516977
2,0.4,0.2,0.0,0.2,0.7742636826811271,1,-17.11977448746066
2,0.4,0.2,0.0,0.2,0.8149127469020743,1,-17.21175625303153
2,0.4,0.2,0.0,0.2,0.8576958985908941,1,-17.299922494621846
2,0.4,0.2,0.0,0.2,0.9027251779484575,1,-17.383608941017314
2,0.4,0.2,0.0,0.2,0.9501185073181437,1,-17.462118171666997
2,0.4,0.2,0.0,0.2,1.0,1,-17.53472222222222
2,0.4,0.2,0.0,0.2,1.052500285277733,1,-17.600665836926165
2,0.4,0.2,0.0,0.2,1.107756850509709,1,-17.65917039483775
2,0.4,0.2,0.0,0.2,1.1659144011798317,1,-17.709438526189857
2,0.4,0.2,0.0,0.2,1.22712523985119,1,-17.75065942241486
2,0.4,0.2,0.0,0.2,1.2915496650148839,1,-17.78201482860685
2,0.4,0.2,0.0,0.2,1.3593563908785256,1,-17.802685690622376
2,0.4,0.2,0.0,0.2,1.4307229891937576,1,-17.811859410944976
2,0.4,0.2,0.0,0.2,1.5058363542798405,1,-17.8087376482729
2,0.4,0.2,0.0,0.2,1.5848931924611136,1,-17.792544576066437
2,0.4,0.2,0.0,0.2,1.6681005372000588,1,-17.762535495649377
2,0.4,0.2,0.0,0.2,1.7556762912750012,1,-17.71800568063463
2,0.4,0.2,0.0,0.2,1.847849797422291,1,-17.658299312234803
2,0.4,0.2,0.0,0.2,1.944862438937362,1,-17.582818350263185
2,0.4,0.2,0.0,0.2,2.046968271807521,1,-17.491031173153548
2,0.4,0.2,0.0,0.2,2.154434690031884,1,-17.38248081290835
2,0.4,0.2,0.0,0.2,2.2675431258708016,1,-17.25679260819598
2,0.4,0.2,0.0,0.2,2.386589786858581,1,-17.113681101380006
2,0.4,0.2,0.0,0.2,2.51188643150958,1,-16.952956013401867
2,0.4,0.2,0.0,0.2,2.6437611857490997,1,-16.77452714424328
2,0.4,0.2,0.0,0.2,2.7825594022071245,1,-16.578408065994953
2,0.4,0.2,0.0,0.2,2.9286445646252366,1,-16.364718499916354
2,0.4,0.2,0.0,0.2,3.082399239745143,1,-16.133685297581412
2,0.4,0.2,0.0,0.2,3.24422607917163,1,-15.885641978328069
2,0.4,0.2,0.0,0.2,3.4145488738336014,1,-15.621026809626315
2,0.4,0.2,0.0,0.2,3.5938136638046276,1,-15.340379452373343
2,0.4,0.2,0.0,0.2,3.782489906389384,1,-15.044336228164878
2,0.4,0.2,0.0,0.2,3.9810717055349722,1,-14.733624098935994
2,0.4,0.2,0.0,0.2,4.190079105786669,1,-14.409053479741408
2,0.4,0.2,0.0,0.2,4.4100594541767375,1,-14.071510031732604
2,0.4,0.2,0.0,0.2,4.641588833612778,1,-13.721945603681618
2,0.4,0.2,0.0,0.2,4.885273571519389,1,-13.361368506023585
2,0.4,0.2,0.0,0.2,5.141751827683927,1,-12.99083331097588
2,0.4,0.2,0.0,0.2,5.411695265464636,1,-12.611430375734212
2,0.4,0.2,0.0,0.2,5.695810810737687,1,-12.224275283238295
2,0.4,0.2,0.0,0.2,5.99484250318941,1,-11.830498386972776
2,0.4,0.2,0.0,0.2,6.309573444801933,1,-11.431234633372146
2,0.4,0.2,0.0,0.2,6.6408278506348415,1,-11.027613818434578
2,0.4,0.2,0.0,0.2,6.989473207273485,1,-10.62075141504254
2,0.4,0.2,0.0,0.2,7.3564225445964135,1,-10.211740085186083
2,0.4,0.2,0.0,0.2,7.742636826811269,1,-9.801641967761732
2,0.4,0.2,0.0,0.2,8.149127469020742,1,-9.39148180877918
2,0.4,0.2,0.0,0.2,8.576958985908941,1,-8.982240977470536
2,0.4,0.2,0.0,0.2,9.027251779484576,1,-8.57485238967084
2,0.4,0.2,0.0,0.2,9.501185073181436,1,-8.170196339497615
2,0.4,0.2,0.0,0.2,10.0,1,-7.769097222222188
2,0.4,0.2,0.0,0.2,10.525002852777327,1,-7.372321115592795
2,0.4,0.2,0.0,0.2,11.077568505097092,1,-6.98057417388881
2,0.4,0.2,0.0,0.2,11.659144011798316,1,-6.5945017786927185
2,0.4,0.2,0.0,0.2,12.271252398511898,1,-6.2146883826953765
2,0.4,0.2,0.0,0.2,12.91549665014884,1,-5.841657977650128
2,0.4,0.2,0.0,0.2,13.593563908785255,1,-5.475875114652117
2,0.4,0.2,0.0,0.2,14.307229891937572,1,-5.117746403986567
2,0.4,0.2,0.0,0.2,15.058363542798407,1,-4.76762242258274
2,0.4,0.2,0.0,0.2,15.848931924611133,1,-4.4257999593408925
2,0.4,0.2,0.0,0.2,16.68100537200059,1,-4.0925245319826224
2,0.4,0.2,0.0,0.2,17.556762912750013,1,-3.7679931133412725
2,0.4,0.2,0.0,0.2,18.478497974222908,1,-3.4523570098922374
2,0.4,0.2,0.0,0.2,19.448624389373624,1,-3.1457248406319693
2,0.4,0.2,0.0,0.2,20.46968271807521,1,-2.84816556990658
2,0.4,0.2,0.0,0.2,21.544346900318832,1,-2.5597115533433468
2,0.4,0.2,0.0,0.2,22.67543125870802,1,-2.2803615614890305
2,0.4,0.2,0.0,0.2,23.865897868585808,1,-2.010083751010916
2,0.4,0.2,0.0,0.2,25.118864315095795,1,-1.7488185582714033
2,0.4,0.2,0.0,0.2,26.437611857491,1,-1.496481494727664
2,0.4,0.2,0.0,0.2,27.825594022071243,1,-1.252965827823449
2,0.4,0.2,0.0,0.2,29.286445646252357,1,-1.0181451349038362
2,0.4,0.2,0.0,0.2,30.823992397451434,1,-0.7918757210839344
2,0.4,0.2,0.0,0.2,32.4422607917163,1,-0.5739988950415942
2,0.4,0.2,0.0,0.2,34.14548873833603,1,-0.3643430993250263
2,0.4,0.2,0.0,0.2,35.938136638046274,1,-0.1627258940181675
2,0.4,0.2,0.0,0.2,37.824899063893845,1,0.031044205481411957
2,0.4,0.2,0.0,0.2,39.810717055349734,1,0.21716603423731495
2,0.4,0.2,0.0,0.2,41.90079105786669,1,0.3958442234713644
2,0.4,0.2,0.0,0.2,44.100594541767364,1,0.5672877815151134
2,0.4,0.2,0.0,0.2,46.4158883361278,1,0.7317088045686759
2,0.4,0.2,0.0,0.2,48.852735715193894,1,0.8893213111870857
2,0.4,0.2,0.0,0.2,51.41751827683925,1,1.0403401940523693
2,0.4,0.2,0.0,0.2,54.116952654646376,1,1.1849802822603506
2,0.4,0.2,0.0,0.2,56.958108107376866,1,1.3234555072774157
2,0.4,0.2,0.0,0.2,59.94842503189409,1,1.4559781656401372
2,0.4,0.2,0.0,0.2,63.09573444801933,1,1.5827582715783883
2,0.4,0.2,0.0,0.2,66.40827850634841,1,1.7040029928345302
2,0.4,0.2,0.0,0.2,69.89473207273487,1,1.8199161631820893
2,0.4,0.2,0.0,0.2,73.56422544596414,1,1.9306978653438778
2,0.4,0.2,0.0,0.2,77.4263682681127,1,2.036544078316793
2,0.4,0.2,0.0,0.2,81.49127469020745,1,2.1376463833698844
2,0.4,0.2,0.0,0.2,85.76958985908941,1,2.234191723315737
2,0.4,0.2,0.0,0.2,90.27251779484574,1,2.326362209946664
2,0.4,0.2,0.0,0.2,95.01185073181439,1,2.4143349748930953
2,0.4,0.2,0.0,0.2,100.0,1,2.498282059414536
3,0.4,0.2,0.0,0.1,0.010000000000000002,1,-4.782196695961948
3,0.4,0.2,0.0,0.1,0.010525002852777327,1,-4.784390160685437
3,0.4,0.2,0.0,0.1,0.011077568505097092,1,-4.786697172305554
3,0.4,0.2,0.0,0.1,0.011659144011798317,1,-4.789123519321592
3,0.4,0.2,0.0,0.1,0.012271252398511897,1,-4.791675275650609
3,0.4,0.2,0.0,0.1,0.01291549665014884,1,-4.794358813643019
3,0.4,0.2,0.0,0.1,0.013593563908785255,1,-4.797180817572766
3,0.4,0.2,0.0,0.1,0.014307229891937572,1,-4.800148297605533
3,0.4,0.2,0.0,0.1,0.015058363542798407,1,-4.803268604245837
3,0.4,0.2,0.0,0.1,0.015848931924611134,1,-4.806549443261565
3,0.4,0.2,0.0,0.1,0.016681005372000592,1,-4.809998891081579
3,0.4,0.2,0.0,0.1,0.017556762912750015,1,-4.813625410659073
3,0.4,0.2,0.0,0.1,0.018478497974222907,1,-4.8174378677897645
3,0.4,0.2,0.0,0.1,0.019448624389373625,1,-4.821445547868864
3,0.4,0.2,0.0,0.1,0.02046968271807521,1,-4.8256581730672155
3,0.4,0.2,0.0,0.1,0.021544346900318832,1,-4.8300859199011725
3,0.4,0.2,0.0,0.1,0.02267543125870802,1,-4.834739437163704
3,0.4,0.2,0.0,0.1,0.023865897868585808,1,-4.8396298641794395
3,0.4,0.2,0.0,0.1,0.025118864315095794,1,-4.844768849335768
3,0.4,0.2,0.0,0.1,0.026437611857490998,1,-4.850168568836255
3,0.4,0.2,0.0,0.1,0.027825594022071243,1,-4.8558417456106895
3,0.4,0.2,0.0,0.1,0.02928644564625236,1,-4.8618016683064535
3,0.4,0.2,0.0,0.1,0.030823992397451434,1,-4.868062210272761
3,0.4,0.2,0.0,0.1,0.0324422607917163,1,-4.874637848437457
3,0.4,0.2,0.0,0.1,0.034145488738336026,1,-4.881543681958156
3,0.4,0.2,0.0,0.1,0.03593813663804628,1,-4.8887954505158815
3,0.4,0.2,0.0,0.1,0.037824899063893844,1,-4.896409552099024
3,0.4,0.2,0.0,0.1,0.039810717055349734,1,-4.904403060104723
3,0.4,0.2,0.0,0.1,0.04190079105786669,1,-4.9127937395642585
3,0.4,0.2,0.0,0.1,0.04410059454176737,1,-4.921600062271169
3,0.4,0.2,0.0,0.1,0.046415888336127795,1,-4.930841220566229
3,0.4,0.2,0.0,0.1,0.04885273571519389,1,-4.9405371395013
3,0.4,0.2,0.0,0.1,0.051417518276839255,1,-4.950708487072819
3,0.4,0.2,0.0,0.1,0.054116952654646375,1,-4.961376682177754
3,0.4,0.2,0.0,0.1,0.056958108107376865,1,-4.972563899907945
3,0.4,0.2,0.0,0.1,0.05994842503189409,1,-4.984293073753254
3,0.4,0.2,0.0,0.1,0.06309573444801933,1,-4.996587894239979
3,0.4,0.2,0.0,0.1,0.06640827850634841,1,-5.00947280347911
3,0.4,0.2,0.0,0.1,0.06989473207273486,1,-5.022972985044105
3,0.4,0.2,0.0,0.1,0.07356422544596414,1,-5.037114348541561
3,0.4,0.2,0.0,0.1,0.0774263682681127,1,-5.051923508171463
3,0.4,0.2,0.0,0.1,0.08149127469020745,1,-5.06742775450959
3,0.4,0.2,0.0,0.1,0.08576958985908942,1,-5.0836550186701075
3,0.4,0.2,0.0,0.1,0.09027251779484574,1,-5.100633827930812
3,0.4,0.2,0.0,0.1,0.0950118507318144,1,-5.118393251822296
3,0.4,0.2,0.0,0.1,0.1,1,-5.136962837596504
3,0.4,0.2,0.0,0.1,0.10525002852777329,1,-5.1563725339014095
3,0.4,0.2,0.0,0.1,0.11077568505097089,1,-5.1766526013954035
3,0.4,0.2,0.0,0.1,0.11659144011798317,1,-5.197833508938765
3,0.4,0.2,0.0,0.1,0.122712523985119,1,-5.219945813903171
3,0.4,0.2,0.0,0.1,0.1291549665014884,1,-5.2430200250395576
3,0.4,0.2,0.0,0.1,0.13593563908785256,1,-5.267086446247404
3,0.4,0.2,0.0,0.1,0.14307229891937576,1,-5.2921749994917615
3,0.4,0.2,0.0,0.1,0.15058363542798409,1,-5.318315025021048
3,0.4,0.2,0.0,0.1,0.15848931924611134,1,-5.345535056954153
3,0.4,0.2,0.0,0.1,0.16681005372000587,1,-5.373862572227539
3,0.4,0.2,0.0,0.1,0.17556762912750015,1,-5.4033237108309535
3,0.4,0.2,0.0,0.1,0.18478497974222913,1,-5.433942965213923
3,0.4,0.2,0.0,0.1,0.1944862438937362,1,-5.465742836721244
3,0.4,0.2,0.0,0.1,0.2046968271807521,1,-5.498743456920774
3,0.4,0.2,0.0,0.1,0.2154434690031884,1,-5.532962171724998
3,0.4,0.2,0.0,0.1,0.22675431258708015,1,-5.568413086287771
3,0.4,0.2,0.0,0.1,0.2386589786858581,1,-5.605106568790486
3,0.4,0.2,0.0,0.1,0.251188643150958,1,-5.643048711419518
3,0.4,0.2,0.0,0.1,0.26437611857491,1,-5.682240747099987
3,0.4,0.2,0.0,0.1,0.2782559402207124,1,-5.722678420890093
3,0.4,0.2,0.0,0.1,0.2928644564625237,1,-5.764351315377237
3,0.4,0.2,0.0,0.1,0.30823992397451433,1,-5.807242129956691
3,0.4,0.2,0.0,0.1,0.32442260791716304,1,-5.851325914535788
3,0.4,0.2,0.0,0.1,0.34145488738336016,1,-5.896569259000051
3,0.4,0.2,0.0,0.1,0.35938136638046275,1,-5.942929440719147
3,0.4,0.2,0.0,0.1,0.37824899063893846,1,-5.990353533470472
3,0.4,0.2,0.0,0.1,0.39810717055349726,1,-6.038777482430424
3,0.4,0.2,0.0,0.1,0.41900791057866693,1,-6.0881251513334895
3,0.4,0.2,0.0,0.1,0.4410059454176737,1,-6.138307349537408
3,0.4,0.2,0.0,0.1,0.4641588833612779,1,-6.189220848554545
3,0.4,0.2,0.0,0.1,0.4885273571519389,1,-6.240747399618163
3,0.4,0.2,0.0,0.1,0.5141751827683927,1,-6.292752766026477
3,0.4,0.2,0.0,0.1,0.5411695265464637,1,-6.345085786334104
3,0.4,0.2,0.0,0.1,0.5695810810737687,1,-6.3975774869008735
3,0.4,0.2,0.0,0.1,0.599484250318941,1,-6.450040264823798
3,0.4,0.2,0.0,0.1,0.6309573444801932,1,-6.5022671647992025
3,0.4,0.2,0.0,0.1,0.6640827850634842,1,-6.554031275925254
3,0.4,0.2,0.0,0.1,0.6989473207273484,1,-6.60508527675484
3,0.4,0.2,0.0,0.1,0.7356422544596414,1,-6.655161158941758
3,0.4,0.2,0.0,0.1,0.7742636826811271,1,-6.703970161455198
3,0.4,0.2,0.0,0.1,0.8149127469020743,1,-6.751202948426805
3,0.4,0.2,0.0,0.1,0.8576958985908941,1,-6.796530064078798
3,0.4,0.2,0.0,0.1,0.9027251779484575,1,-6.839602697694436
3,0.4,0.2,0.0,0.1,0.9501185073181437,1,-6.880053790062535
3,0.4,0.2,0.0,0.1,1.0,1,-6.917499510092096
3,0.4,0.2,0.0,0.1,1.052500285277733,1,-6.9515411261975135
3,0.4,0.2,0.0,0.1,1.107756850509709,1,-6.981767291485319
3,0.4,0.2,0.0,0.1,1.1659144011798317,1,-7.007756754646022
3,0.4,0.2,0.0,0.1,1.22712523985119,1,-7.029081499751733
3,0.4,0.2,0.0,0.1,1.2915496650148839,1,-7.0453103079250345
3,0.4,0.2,0.0,0.1,1.3593563908785256,1,-7.056012722220528
3,0.4,0.2,0.0,0.1,1.4307229891937576,1,-7.060763384267965
3,0.4,0.2,0.0,0.1,1.5058363542798405,1,-7.059146697599328
3,0.4,0.2,0.0,0.1,1.5848931924611136,1,-7.0507617585569555
3,0.4,0.2,0.0,0.1,1.6681005372000588,1,-7.035227481780937
3,0.4,0.2,0.0,0.1,1.7556762912750012,1,-7.012187834110051
3,0.4,0.2,0.0,0.1,1.847849797422291,1,-6.981317078971405
3,0.4,0.2,0.0,0.1,1.944862438937362,1,-6.942324923662113
3,0.4,0.2,0.0,0.1,2.046968271807521,1,-6.894961455018567
3,0.4,0.2,0.0,0.1,2.154434690031884,1,-6.83902174543346
3,0.4,0.2,0.0,0.1,2.2675431258708016,1,-6.774350011518271
3,0.4,0.2,0.0,0.1,2.386589786858581,1,-6.70084321226414
3,0.4,0.2,0.0,0.1,2.51188643150958,1,-6.618453982476402
3,0.4,0.2,0.0,0.1,2.6437611857490997,1,-6.527192810474469
3,0.4,0.2,0.0,0.1,2.7825594022071245,1,-6.427129386237729
3,0.4,0.2,0.0,0.1,2.9286445646252366,1,-6.318393066796069
3,0.4,0.2,0.0,0.1,3.082399239745143,1,-6.201172428933366
3,0.4,0.2,0.0,0.1,3.24422607917163,1,-6.075713904249113
3,0.4,0.2,0.0,0.1,3.4145488738336014,1,-5.942319517238159
3,0.4,0.2,0.0,0.1,3.5938136638046276,1,-5.801343772166834
3,0.4,0.2,0.0,0.1,3.782489906389384,1,-5.653189758036115
3,0.4,0.2,0.0,0.1,3.9810717055349722,1,-5.498304561799916
3,0.4,0.2,0.0,0.1,4.190079105786669,1,-5.337174097367125
3,0.4,0.2,0.0,0.1,4.4100594541767375,1,-5.1703174710965865
3,0.4,0.2,0.0,0.1,4.641588833612778,1,-4.9982810130581035
3,0.4,0.2,0.0,0.1,4.885273571519389,1,-4.821632107107254
3,0.4,0.2,0.0,0.1,5.141751827683927,1,-4.640952951898303
3,0.4,0.2,0.0,0.1,5.411695265464636,1,-4.456834379648777
3,0.4,0.2,0.0,0.1,5.695810810737687,1,-4.269869850297459
3,0.4,0.2,0.0,0.1,5.99484250318941,1,-4.080649726331043
3,0.4,0.2,0.0,0.1,6.309573444801933,1,-3.8897559187620168
3,0.4,0.2,0.0,0.1,6.6408278506348415,1,-3.6977569783371744
3,0.4,0.2,0.0,0.1,6.989473207273485,1,-3.505203688845593
3,0.4,0.2,0.0,0.1,7.3564225445964135,1,-3.3126252021221436
3,0.4,0.2,0.0,0.1,7.742636826811269,1,-3.1205257376863194
3,0.4,0.2,0.0,0.1,8.149127469020742,1,-2.9293818544490535
3,0.4,0.2,0.0,0.1,8.576958985908941,1,-2.73964028800332
3,0.4,0.2,0.0,0.1,9.027251779484576,1,-2.5517163349701777
3,0.4,0.2,0.0,0.1,9.501185073181436,1,-2.365992755882973
3,0.4,0.2,0.0,0.1,10.0,1,-2.182819160199201
3,0.4,0.2,0.0,0.1,10.525002852777327,1,-2.0025118312087864
3,0.4,0.2,0.0,0.1,11.077568505097092,1,-1.8253539447276368
3,0.4,0.2,0.0,0.1,11.659144011798316,1,-1.6515961333559481
3,0.4,0.2,0.0,0.1,12.271252398511898,1,-1.4814573475219306
3,0.4,0.2,0.0,0.1,12.91549665014884,1,-1.3151259652929514
3,0.4,0.2,0.0,0.1,13.593563908785255,1,-1.1527611047610686
3,0.4,0.2,0.0,0.1,14.307229891937572,1,-0.9944940954718651
3,0.4,0.2,0.0,0.1,15.058363542798407,1,-0.8404300686371435
3,0.4,0.2,0.0,0.1,15.848931924611133,1,-0.6906496295428055
3,0.4,0.2,0.0,0.1,16.68100537200059,1,-0.5452105794686246
3,0.4,0.2,0.0,0.1,17.556762912750013,1,-0.40414965842235917
3,0.4,0.2,0.0,0.1,18.478497974222908,1,-0.2674842839202829
3,0.4,0.2,0.0,0.1,19.448624389373624,1,-0.13521426485674226
3,0.4,0.2,0.0,0.1,20.46968271807521,1,-0.007323473080733667
3,0.4,0.2,0.0,0.1,21.544346900318832,1,0.11621854137469079
3,0.4,0.2,0.0,0.1,22.67543125870802,1,0.23545500243600248
3,0.4,0.2,0.0,0.1,23.865897868585808,1,0.35044043581868856
3,0.4,0.2,0.0,0.1,25.118864315095795,1,0.4612392784581365
3,0.4,0.2,0.0,0.1,26.437611857491,1,0.5679245733623661
3,0.4,0.2,0.0,0.1,27.825594022071243,1,0.6705767519278094
3,0.4,0.2,0.0,0.1,29.286445646252357,1,0.7692825042281415
3,0.4,0.2,0.0,0.1,30.823992397451434,1,0.8641337365619339
3,0.4,0.2,0.0,0.1,32.4422607917163,1,0.9552266144895905
3,0.4,0.2,0.0,0.1,34.14548873833603,1,1.0426606888045642
3,0.4,0.2,0.0,0.1,35.938136638046274,1,1.1265381012433462
3,0.4,0.2,0.0,0.1,37.824899063893845,1,1.20696286627342
3,0.4,0.2,0.0,0.1,39.810717055349734,1,1.2840402249710614
3,0.4,0.2,0.0,0.1,41.90079105786669,1,1.3578760667905643
3,0.4,0.2,0.0,0.1,44.100594541767364,1,1.4285764149035707
3,0.4,0.2,0.0,0.1,46.4158883361278,1,1.496246970775461
3,0.4,0.2,0.0,0.1,48.852735715193894,1,1.5609927136492896
3,0.4,0.2,0.0,0.1,51.41751827683925,1,1.622917550730385
3,0.4,0.2,0.0,0.1,54.116952654646376,1,1.6821240139540672
3,0.4,0.2,0.0,0.1,56.958108107376866,1,1.7387129994199446
3,0.4,0.2,0.0,0.1,59.94842503189409,1,1.79278354570942
3,0.4,0.2,0.0,0.1,63.09573444801933,1,1.8444326475525186
3,0.4,0.2,0.0,0.1,66.40827850634841,1,1.8937551014593934
3,0.4,0.2,0.0,0.1,69.89473207273487,1,1.9408433802094116
3,0.4,0.2,0.0,0.1,73.56422544596414,1,1.9857875332250918
3,0.4,0.2,0.0,0.1,77.4263682681127,1,2.0286751101432854
3,0.4,0.2,0.0,0.1,81.49127469020745,1,2.069591105045343
3,0.4,0.2,0.0,0.1,85.76958985908941,1,2.1086179190346277
3,0.4,0.2,0.0,0.1,90.27251779484574,1,2.1458353390185536
3,0.4,0.2,0.0,0.1,95.01185073181439,1,2.18132053076483
3,0.4,0.2,0.0,0.1,100.0,1,2.2151480444340343
3,0.4,0.2,0.15,0.1,0.010000000000000002,1,-9.182945693001788
3,0.4,0.2,0.15,0.1,0.010525002852777327,1,-9.185358470336746
3,0.4,0.2,0.15,0.1,0.011077568505097092,1,-9.187896519673778
3,0.4,0.2,0.15,0.1,0.011659144011798317,1,-9.190566267480872
3,0.4,0.2,0.15,0.1,0.012271252398511897,1,-9.193374461492477
3,0.4,0.2,0.15,0.1,0.01291549665014884,1,-9.196328185851243
3,0.4,0.2,0.15,0.1,0.013593563908785255,1,-9.199434876860757
3,0.4,0.2,0.15,0.1,0.014307229891937572,1,-9.202702339362446
3,0.4,0.2,0.15,0.1,0.015058363542798407,1,-9.206138763747196
3,0.4,0.2,0.15,0.1,0.015848931924611134,1,-9.20975274361191
3,0.4,0.2,0.15,0.1,0.016681005372000592,1,-9.2135532940683
3,0.4,0.2,0.15,0.1,0.017556762912750015,1,-9.217549870709362
3,0.4,0.2,0.15,0.1,0.018478497974222907,1,-9.221752389236137
3,0.4,0.2,0.15,0.1,0.019448624389373625,1,-9.226171245743942
3,0.4,0.2,0.15,0.1,0.02046968271807521,1,-9.230817337664188
3,0.4,0.2,0.15,0.1,0.021544346900318832,1,-9.235702085352692
3,0.4,0.2,0.15,0.1,0.02267543125870802,1,-9.240837454311912
3,0.4,0.2,0.15,0.1,0.023865897868585808,1,-9.246235978027094
3,0.4,0.2,0.15,0.1,0.025118864315095794,1,-9.251910781392137
3,0.4,0.2,0.15,0.1,0.026437611857490998,1,-9.257875604691634
3,0.4,0.2,0.15,0.1,0.027825594022071243,1,-9.264144828099386
3,0.4,0.2,0.15,0.1,0.02928644564625236,1,-9.270733496642613
3,0.4,0.2,0.15,0.1,0.030823992397451434,1,-9.277657345572244
3,0.4,0.2,0.15,0.1,0.0324422607917163,1,-9.28493282606706
3,0.4,0.2,0.15,0.1,0.034145488738336026,1,-9.292577131186608
3,0.4,0.2,0.15,0.1,0.03593813663804628,1,-9.300608221972794
3,0.4,0.2,0.15,0.1,0.037824899063893844,1,-9.309044853584892
3,0.4,0.2,0.15,0.1,0.039810717055349734,1,-9.317906601331982
3,0.4,0.2,0.15,0.1,0.04190079105786669,1,-9.327213886449337
3,0.4,0.2,0.15,0.1,0.04410059454176737,1,-9.336988001440162
3,0.4,0.2,0.15,0.1,0.046415888336127795,1,-9.347251134779755
3,0.4,0.2,0.15,0.1,0.04885273571519389,1,-9.358026394752084
3,0.4,0.2,0.15,0.1,0.051417518276839255,1,-9.369337832156145
3,0.4,0.2,0.15,0.1,0.054116952654646375,1,-9.381210461587031
3,0.4,0.2,0.15,0.1,0.056958108107376865,1,-9.393670280957556
3,0.4,0.2,0.15,0.1,0.05994842503189409,1,-9.406744288886038
3,0.4,0.2,0.15,0.1,0.06309573444801933,1,-9.420460499529803
3,0.4,0.2,0.15,0.1,0.06640827850634841,1,-9.434847954393632
3,0.4,0.2,0.15,0.1,0.06989473207273486,1,-9.449936730589348
3,0.4,0.2,0.15,0.1,0.07356422544596414,1,-9.465757944961029
3,0.4,0.2,0.15,0.1,0.0774263682681127,1,-9.482343753426925
3,0.4,0.2,0.15,0.1,0.08149127469020745,1,-9.499727344818343
3,0.4,0.2,0.15,0.1,0.08576958985908942,1,-9.517942928418544
3,0.4,0.2,0.15,0.1,0.09027251779484574,1,-9.537025714322755
3,0.4,0.2,0.15,0.1,0.0950118507318144,1,-9.557011885650857
3,0.4,0.2,0.15,0.1,0.1,1,-9.577938561547928
3,0.4,0.2,0.15,0.1,0.10525002852777329,1,-9.599843749806801
3,0.4,0.2,0.15,0.1,0.11077568505097089,1,-9.622766287835361
3,0.4,0.2,0.15,0.1,0.11659144011798317,1,-9.646745770577049
3,0.4,0.2,0.15,0.1,0.122712523985119,1,-9.671822463869084
3,0.4,0.2,0.15,0.1,0.1291549665014884,1,-9.69803720159489
3,0.4,0.2,0.15,0.1,0.13593563908785256,1,-9.725431264853068
3,0.4,0.2,0.15,0.1,0.14307229891937576,1,-9.754046241226
3,0.4,0.2,0.15,0.1,0.15058363542798409,1,-9.783923862088928
3,0.4,0.2,0.15,0.1,0.15848931924611134,1,-9.815105815756676
3,0.4,0.2,0.15,0.1,0.16681005372000587,1,-9.84763353412017
3,0.4,0.2,0.15,0.1,0.17556762912750015,1,-9.881547950284064
3,0.4,0.2,0.15,0.1,0.18478497974222913,1,-9.916889224581372
3,0.4,0.2,0.15,0.1,0.1944862438937362,1,-9.953696436213665
3,0.4,0.2,0.15,0.1,0.2046968271807521,1,-9.992007237654455
3,0.4,0.2,0.15,0.1,0.2154434690031884,1,-10.031857468861594
3,0.4,0.2,0.15,0.1,0.22675431258708015,1,-10.073280728278021
3,0.4,0.2,0.15,0.1,0.2386589786858581,1,-10.116307897569953
3,0.4,0.2,0.15,0.1,0.251188643150958,1,-10.16096661706316
3,0.4,0.2,0.15,0.1,0.26437611857491,1,-10.207280708904786
3,0.4,0.2,0.15,0.1,0.2782559402207124,1,-10.25526954510967
3,0.4,0.2,0.15,0.1,0.2928644564625237,1,-10.304947357863703
3,0.4,0.2,0.15,0.1,0.30823992397451433,1,-10.356322489760894
3,0.4,0.2,0.15,0.1,0.32442260791716304,1,-10.409396582073871
3,0.4,0.2,0.15,0.1,0.34145488738336016,1,-10.464163699704109
3,0.4,0.2,0.15,0.1,0.35938136638046275,1,-10.520609392161596
3,0.4,0.2,0.15,0.1,0.37824899063893846,1,-10.578709690794552
3,0.4,0.2,0.15,0.1,0.39810717055349726,1,-10.6384300435597
3,0.4,0.2,0.15,0.1,0.41900791057866693,1,-10.699724189905046
3,0.4,0.2,0.15,0.1,0.4410059454176737,1,-10.762532979862371
3,0.4,0.2,0.15,0.1,0.4641588833612779,1,-10.826783143225061
3,0.4,0.2,0.15,0.1,0.4885273571519389,1,-10.892386016746114
3,0.4,0.2,0.15,0.1,0.5141751827683927,1,-10.959236239634285
3,0.4,0.2,0.15,0.1,0.5411695265464637,1,-11.027210430266765
3,0.4,0.2,0.15,0.1,0.5695810810737687,1,-11.096165859965746
3,0.4,0.2,0.15,0.1,0.599484250318941,1,-11.165939142893254
3,0.4,0.2,0.15,0.1,0.6309573444801932,1,-11.236344964570788
3,0.4,0.2,0.15,0.1,0.6640827850634842,1,-11.307174875182401
3,0.4,0.2,0.15,0.1,0.6989473207273484,1,-11.378196177600508
3,0.4,0.2,0.15,0.1,0.7356422544596414,1,-11.449150943893404
3,0.4,0.2,0.15,0.1,0.7742636826811271,1,-11.51975519780425
3,0.4,0.2,0.15,0.1,0.8149127469020743,1,-11.589698304191277
3,0.4,0.2,0.15,0.1,0.8576958985908941,1,-11.658642609496129
3,0.4,0.2,0.15,0.1,0.9027251779484575,1,-11.726223379758217
3,0.4,0.2,0.15,0.1,0.9501185073181437,1,-11.792049084268664
3,0.4,0.2,0.15,0.1,1.0,1,-11.855702073400664
3,0.4,0.2,0.15,0.1,1.052500285277733,1,-11.916739698181278
3,0.4,0.2,0.15,0.1,1.107756850509709,1,-11.974695916500334
3,0.4,0.2,0.15,0.1,1.1659144011798317,1,-12.029083426220733
3,0.4,0.2,0.15,0.1,1.22712523985119,1,-12.079396358620432
3,0.4,0.2,0.15,0.1,1.2915496650148839,1,-12.12511355637751
3,0.4,0.2,0.15,0.1,1.3593563908785256,1,-12.165702448612258
3,0.4,0.2,0.15,0.1,1.4307229891937576,1,-12.200623521318521
3,0.4,0.2,0.15,0.1,1.5058363542798405,1,-12.229335365004523
3,0.4,0.2,0.15,0.1,1.5848931924611136,1,-12.251300262801458
3,0.4,0.2,0.15,0.1,1.6681005372000588,1,-12.265990262163406
3,0.4,0.2,0.15,0.1,1.7556762912750012,1,-12.272893652209337
3,0.4,0.2,0.15,0.1,1.847849797422291,1,-12.271521747564796
3,0.4,0.2,0.15,0.1,1.944862438937362,1,-12.261415859211622
3,0.4,0.2,0.15,0.1,2.046968271807521,1,-12.242154314418263
3,0.4,0.2,0.15,0.1,2.154434690031884,1,-12.21335937243997
3,0.4,0.2,0.15,0.1,2.2675431258708016,1,-12.174703871462068
3,0.4,0.2,0.15,0.1,2.386589786858581,1,-12.125917436237932
3,0.4,0.2,0.15,0.1,2.51188643150958,1,-12.06679207589707
3,0.4,0.2,0.15,0.1,2.6437611857490997,1,-11.997187008049192
3,0.4,0.2,0.15,0.1,2.7825594022071245,1,-11.917032558847318
3,0.4,0.2,0.15,0.1,2.9286445646252366,1,-11.826333008952494
3,0.4,0.2,0.15,0.1,3.082399239745143,1,-11.725168281826804
3,0.4,0.2,0.15,0.1,3.24422607917163,1,-11.613694402507502
3,0.4,0.2,0.15,0.1,3.4145488738336014,1,-11.492142690672313
3,0.4,0.2,0.15,0.1,3.5938136638046276,1,-11.360817689780466
3,0.4,0.2,0.15,0.1,3.782489906389384,1,-11.220093872572301
3,0.4,0.2,0.15,0.1,3.9810717055349722,1,-11.070411200376718
3,0.4,0.2,0.15,0.1,4.190079105786669,1,-10.912269647708294
3,0.4,0.2,0.15,0.1,4.4100594541767375,1,-10.746222832943907
3,0.4,0.2,0.15,0.1,4.641588833612778,1,-10.572870919142884
3,0.4,0.2,0.15,0.1,4.885273571519389,1,-10.392852965404309
3,0.4,0.2,0.15,0.1,5.141751827683927,1,-10.206838918054917
3,0.4,0.2,0.15,0.1,5.411695265464636,1,-10.015521432392537
3,0.4,0.2,0.15,0.1,5.695810810737687,1,-9.81960771005479
3,0.4,0.2,0.15,0.1,5.99484250318941,1,-9.619811525088917
3,0.4,0.2,0.15,0.1,6.309573444801933,1,-9.41684559449616
3,0.4,0.2,0.15,0.1,6.6408278506348415,1,-9.211414427642007
3,0.4,0.2,0.15,0.1,6.989473207273485,1,-9.004207764778482
3,0.4,0.2,0.15,0.1,7.3564225445964135,1,-8.795894689339923
3,0.4,0.2,0.15,0.1,7.742636826811269,1,-8.587118472885214
3,0.4,0.2,0.15,0.1,8.149127469020742,1,-8.37849218666814
3,0.4,0.2,0.15,0.1,8.576958985908941,1,-8.170595090713995
3,0.4,0.2,0.15,0.1,9.027251779484576,1,-7.963969790672898
3,0.4,0.2,0.15,0.1,9.501185073181436,1,-7.759120135047315
3,0.4,0.2,0.15,0.1,10.0,1,-7.556509810938139
3,0.4,0.2,0.15,0.1,10.525002852777327,1,-7.3565615852591915
3,0.4,0.2,0.15,0.1,11.077568505097092,1,-7.1596571303606416
3,0.4,0.2,0.15,0.1,11.659144011798316,1,-6.966137367941505
3,0.4,0.2,0.15,0.1,12.271252398511898,1,-6.7763032627293445
3,0.4,0.2,0.15,0.1,12.91549665014884,1,-6.5904169972745175
3,0.4,0.2,0.15,0.1,13.593563908785255,1,-6.408703460980836
3,0.4,0.2,0.15,0.1,14.307229891937572,1,-6.231351989748635
3,0.4,0.2,0.15,0.1,15.058363542798407,1,-6.058518296995585
3,0.4,0.2,0.15,0.1,15.848931924611133,1,-5.890326541972946
3,0.4,0.2,0.15,0.1,16.68100537200059,1,-5.726871486918439
3,0.4,0.2,0.15,0.1,17.556762912750013,1,-5.568220700421611
3,0.4,0.2,0.15,0.1,18.478497974222908,1,-5.414416770198837
3,0.4,0.2,0.15,0.1,19.448624389373624,1,-5.265479494130332
3,0.4,0.2,0.15,0.1,20.46968271807521,1,-5.121408023761653
3,0.4,0.2,0.15,0.1,21.544346900318832,1,-4.982182939430335
3,0.4,0.2,0.15,0.1,22.67543125870802,1,-4.847768240694583
3,0.4,0.2,0.15,0.1,23.865897868585808,1,-4.718113239780242
3,0.4,0.2,0.15,0.1,25.118864315095795,1,-4.593154349303774
3,0.4,0.2,0.15,0.1,26.437611857491,1,-4.472816758618081
3,0.4,0.2,0.15,0.1,27.825594022071243,1,-4.357015995739443
3,0.4,0.2,0.15,0.1,29.286445646252357,1,-4.245659374008404
3,0.4,0.2,0.15,0.1,30.823992397451434,1,-4.138647324443168
3,0.4,0.2,0.15,0.1,32.4422607917163,1,-4.035874616197688
3,0.4,0.2,0.15,0.1,34.14548873833603,1,-3.9372314686772825
3,0.4,0.2,0.15,0.1,35.938136638046274,1,-3.842604559727325
3,0.4,0.2,0.15,0.1,37.824899063893845,1,-3.7518779349497877
3,0.4,0.2,0.15,0.1,39.810717055349734,1,-3.664933823633376
3,0.4,0.2,0.15,0.1,41.90079105786669,1,-3.581653367036719
3,0.4,0.2,0.15,0.1,44.100594541767364,1,-3.5019172649081276
3,0.4,0.2,0.15,0.1,46.4158883361278,1,-3.425606346115184
3,0.4,0.2,0.15,0.1,48.852735715193894,1,-3.352602069201538
3,0.4,0.2,0.15,0.1,51.41751827683925,1,-3.2827869585140057
3,0.4,0.2,0.15,0.1,54.116952654646376,1,-3.2160449813707914
3,0.4,0.2,0.15,0.1,56.958108107376866,1,-3.1522618714672324
3,0.4,0.2,0.15,0.1,59.94842503189409,1,-3.0913254034754534
3,0.4,0.2,0.15,0.1,63.09573444801933,1,-3.0331256234908732
3,0.4,0.2,0.15,0.1,66.40827850634841,1,-2.977555039683699
3,0.4,0.2,0.15,0.1,69.89473207273487,1,-2.9245087772293177
3,0.4,0.2,0.15,0.1,73.56422544596414,1,-2.8738847012825475
3,0.4,0.2,0.15,0.1,77.4263682681127,1,-2.8255835114664007
3,0.4,0.2,0.15,0.1,81.49127469020745,1,-2.7795088110972865
3,0.4,0.2,0.15,0.1,85.76958985908941,1,-2.735567154055929
3,0.4,0.2,0.15,0.1,90.27251779484574,1,-2.693668072006161
3,0.4,0.2,0.15,0.1,95.01185073181439,1,-2.653724084380482
3,0.4,0.2,0.15,0.1,100.0,1,-2.615650693363969
3,0.4,0.2,0.3,0.1,0.010000000000000002,1,-16.21956314242069
3,0.4,0.2,0.3,0.1,0.010525002852777327,1,-16.22208586525764
3,0.4,0.2,0.3,0.1,0.011077568505097092,1,-16.22473992281258
3,0.4,0.2,0.3,0.1,0.011659144011798317,1,-16.227532090858855
3,0.4,0.2,0.3,0.1,0.012271252398511897,1,-16.230469488067367
3,0.4,0.2,0.3,0.1,0.01291549665014884,1,-16.23355959263063
3,0.4,0.2,0.3,0.1,0.013593563908785255,1,-16.236810259611623
3,0.4,0.2,0.3,0.1,0.014307229891937572,1,-16.240229739040068
3,0.4,0.2,0.3,0.1,0.015058363542798407,1,-16.243826694777763
3,0.4,0.2,0.3,0.1,0.015848931924611134,1,-16.247610224173982
3,0.4,0.2,0.3,0.1,0.016681005372000592,1,-16.25158987853116
3,0.4,0.2,0.3,0.1,0.017556762912750015,1,-16.2557756843994
3,0.4,0.2,0.3,0.1,0.018478497974222907,1,-16.26017816571793
3,0.4,0.2,0.3,0.1,0.019448624389373625,1,-16.264808366817906
3,0.4,0.2,0.3,0.1,0.02046968271807521,1,-16.269677876301223
3,0.4,0.2,0.3,0.1,0.021544346900318832,1,-16.27479885180462
3,0.4,0.2,0.3,0.1,0.02267543125870802,1,-16.28018404565732
3,0.4,0.2,0.3,0.1,0.023865897868585808,1,-16.28584683143568
3,0.4,0.2,0.3,0.1,0.025118864315095794,1,-16.291801231414215
3,0.4,0.2,0.3,0.1,0.026437611857490998,1,-16.29806194490725
3,0.4,0.2,0.3,0.1,0.027825594022071243,1,-16.30464437748975
3,0.4,0.2,0.3,0.1,0.02928644564625236,1,-16.311564671079115
3,0.4,0.2,0.3,0.1,0.030823992397451434,1,-16.31883973485213
3,0.4,0.2,0.3,0.1,0.0324422607917163,1,-16.32648727696203
3,0.4,0.2,0.3,0.1,0.034145488738336026,1,-16.334525837011714
3,0.4,0.2,0.3,0.1,0.03593813663804628,1,-16.34297481922666
3,0.4,0.2,0.3,0.1,0.037824899063893844,1,-16.351854526258712
3,0.4,0.2,0.3,0.1,0.039810717055349734,1,-16.361186193537634
3,0.4,0.2,0.3,0.1,0.04190079105786669,1,-16.370992024071363
3,0.4,0.2,0.3,0.1,0.04410059454176737,1,-16.381295223575766
3,0.4,0.2,0.3,0.1,0.046415888336127795,1,-16.3921200357965
3,0.4,0.2,0.3,0.1,0.04885273571519389,1,-16.4034917778606
3,0.4,0.2,0.3,0.1,0.051417518276839255,1,-16.41543687547049
3,0.4,0.2,0.3,0.1,0.054116952654646375,1,-16.427982897723748
3,0.4,0.2,0.3,0.1,0.056958108107376865,1,-16.44115859131059
3,0.4,0.2,0.3,0.1,0.05994842503189409,1,-16.454993913803374
3,0.4,0.2,0.3,0.1,0.06309573444801933,1,-16.469520065715216
3,0.4,0.2,0.3,0.1,0.06640827850634841,1,-16.48476952095813
3,0.4,0.2,0.3,0.1,0.06989473207273486,1,-16.500776055283907
3,0.4,0.2,0.3,0.1,0.07356422544596414,1,-16.51757477223508
3,0.4,0.2,0.3,0.1,0.0774263682681127,1,-16.53520212607621
3,0.4,0.2,0.3,0.1,0.08149127469020745,1,-16.553695941106163
3,0.4,0.2,0.3,0.1,0.08576958985908942,1,-16.57309542668337
3,0.4,0.2,0.3,0.1,0.09027251779484574,1,-16.593441187213585
3,0.4,0.2,0.3,0.1,0.0950118507318144,1,-16.61477522626398
3,0.4,0.2,0.3,0.1,0.1,1,-16.6371409438718
3,0.4,0.2,0.3,0.1,0.10525002852777329,1,-16.66058312601153
3,0.4,0.2,0.3,0.1,0.11077568505097089,1,-16.685147925071988
3,0.4,0.2,0.3,0.1,0.11659144011798317,1,-16.710882830071093
3,0.4,0.2,0.3,0.1,0.122712523985119,1,-16.737836625204483
3,0.4,0.2,0.3,0.1,0.1291549665014884,1,-16.766059335180252
3,0.4,0.2,0.3,0.1,0.13593563908785256,1,-16.79560215563819
3,0.4,0.2,0.3,0.1,0.14307229891937576,1,-16.82651736678852
3,0.4,0.2,0.3,0.1,0.15058363542798409,1,-16.858858228228634
3,0.4,0.2,0.3,0.1,0.15848931924611134,1,-16.89267885271224
3,0.4,0.2,0.3,0.1,0.16681005372000587,1,-16.92803405644918
3,0.4,0.2,0.3,0.1,0.17556762912750015,1,-16.964979183310735
3,0.4,0.2,0.3,0.1,0.18478497974222913,1,-17.00356990010482
3,0.4,0.2,0.3,0.1,0.1944862438937362,1,-17.043861959866867
3,0.4,0.2,0.3,0.1,0.2046968271807521,1,-17.085910929894467
3,0.4,0.2,0.3,0.1,0.2154434690031884,1,-17.129771881034994
3,0.4,0.2,0.3,0.1,0.22675431258708015,1,-17.175499034520016
3,0.4,0.2,0.3,0.1,0.2386589786858581,1,-17.223145362438686
3,0.4,0.2,0.3,0.1,0.251188643150958,1,-17.27276213775484
3,0.4,0.2,0.3,0.1,0.26437611857491,1,-17.324398429611588
3,0.4,0.2,0.3,0.1,0.2782559402207124,1,-17.378100539542164
3,0.4,0.2,0.3,0.1,0.2928644564625237,1,-17.433911374126186
3,0.4,0.2,0.3,0.1,0.30823992397451433,1,-17.491869749614096
3,0.4,0.2,0.3,0.1,0.32442260791716304,1,-17.552009624102595
3,0.4,0.2,0.3,0.1,0.34145488738336016,1,-17.61435925300129
3,0.4,0.2,0.3,0.1,0.35938136638046275,1,-17.67894026380732
3,0.4,0.2,0.3,0.1,0.37824899063893846,1,-17.745766646624737
3,0.4,0.2,0.3,0.1,0.39810717055349726,1,-17.814843657457992
3,0.4,0.2,0.3,0.1,0.41900791057866693,1,-17.88616663210345
3,0.4,0.2,0.3,0.1,0.4410059454176737,1,-17.959719709496603
3,0.4,0.2,0.3,0.1,0.4641588833612779,1,-18.03547446467614
3,0.4,0.2,0.3,0.1,0.4885273571519389,1,-18.113388453144076
3,0.4,0.2,0.3,0.1,0.5141751827683927,1,-18.193403670366493
3,0.4,0.2,0.3,0.1,0.5411695265464637,1,-18.275444932513974
3,0.4,0.2,0.3,0.1,0.5695810810737687,1,-18.35941818731651
3,0.4,0.2,0.3,0.1,0.599484250318941,1,-18.44520876713802
3,0.4,0.2,0.3,0.1,0.6309573444801932,1,-18.532679600077774
3,0.4,0.2,0.3,0.1,0.6640827850634842,1,-18.621669399094653
3,0.4,0.2,0.3,0.1,0.6989473207273484,1,-18.711990853812033
3,0.4,0.2,0.3,0.1,0.7356422544596414,1,-18.803428854771997
3,0.4,0.2,0.3,0.1,0.7742636826811271,1,-18.895738785406458
3,0.4,0.2,0.3,0.1,0.8149127469020743,1,-18.988644922789067
3,0.4,0.2,0.3,0.1,0.8576958985908941,1,-19.081838994194722
3,0.4,0.2,0.3,0.1,0.9027251779484575,1,-19.174978942439324
3,0.4,0.2,0.3,0.1,0.9501185073181437,1,-19.267687958676905
3,0.4,0.2,0.3,0.1,1.0,1,-19.35955384649978
3,0.4,0.2,0.3,0.1,1.052500285277733,1,-19.450128785483223
3,0.4,0.2,0.3,0.1,1.107756850509709,1,-19.53892956533857
3,0.4,0.2,0.3,0.1,1.1659144011798317,1,-19.62543836314633
3,0.4,0.2,0.3,0.1,1.22712523985119,1,-19.709104135255405
3,0.4,0.2,0.3,0.1,1.2915496650148839,1,-19.789344691875034
3,0.4,0.2,0.3,0.1,1.3593563908785256,1,-19.865549515669322
3,0.4,0.2,0.3,0.1,1.4307229891937576,1,-19.937083375384702
3,0.4,0.2,0.3,0.1,1.5058363542798405,1,-20.003290771359183
3,0.4,0.2,0.3,0.1,1.5848931924611136,1,-20.06350123150895
3,0.4,0.2,0.3,0.1,1.6681005372000588,1,-20.117035454064357
3,0.4,0.2,0.3,0.1,1.7556762912750012,1,-20.16321226719271
3,0.4,0.2,0.3,0.1,1.847849797422291,1,-20.20135634623651
3,0.4,0.2,0.3,0.1,1.944862438937362,1,-20.23080659745662
3,0.4,0.2,0.3,0.1,2.046968271807521,1,-20.25092508407933
3,0.4,0.2,0.3,0.1,2.154434690031884,1,-20.261106337567327
3,0.4,0.2,0.3,0.1,2.2675431258708016,1,-20.26078686609797
3,0.4,0.2,0.3,0.1,2.386589786858581,1,-20.249454645133813
3,0.4,0.2,0.3,0.1,2.51188643150958,1,-20.226658353658877
3,0.4,0.2,0.3,0.1,2.6437611857490997,1,-20.192016106002907
3,0.4,0.2,0.3,0.1,2.7825594022071245,1,-20.14522342480294
3,0.4,0.2,0.3,0.1,2.9286445646252366,1,-20.086060206776512
3,0.4,0.2,0.3,0.1,3.082399239745143,1,-20.014396450270876
3,0.4,0.2,0.3,0.1,3.24422607917163,1,-19.93019654200008
3,0.4,0.2,0.3,0.1,3.4145488738336014,1,-19.833521939252364
3,0.4,0.2,0.3,0.1,3.5938136638046276,1,-19.724532131665264
3,0.4,0.2,0.3,0.1,3.782489906389384,1,-19.60348382126904
3,0.4,0.2,0.3,0.1,3.9810717055349722,1,-19.47072831820157
3,0.4,0.2,0.3,0.1,4.190079105786669,1,-19.326707209239725
3,0.4,0.2,0.3,0.1,4.4100594541767375,1,-19.17194641390071
3,0.4,0.2,0.3,0.1,4.641588833612778,1,-19.00704879528432
3,0.4,0.2,0.3,0.1,4.885273571519389,1,-18.83268553734424
3,0.4,0.2,0.3,0.1,5.141751827683927,1,-18.64958653475969
3,0.4,0.2,0.3,0.1,5.411695265464636,1,-18.45853006457575
3,0.4,0.2,0.3,0.1,5.695810810737687,1,-18.260332019646764
3,0.4,0.2,0.3,0.1,5.99484250318941,1,-18.055834982781548
3,0.4,0.2,0.3,0.1,6.309573444801933,1,-17.845897408215848
3,0.4,0.2,0.3,0.1,6.6408278506348415,1,-17.63138315509455
3,0.4,0.2,0.3,0.1,6.989473207273485,1,-17.413151587946007
3,0.4,0.2,0.3,0.1,7.3564225445964135,1,-17.19204842385792
3,0.4,0.2,0.3,0.1,7.742636826811269,1,-16.968897467469844
3,0.4,0.2,0.3,0.1,8.149127469020742,1,-16.744493335169473
3,0.4,0.2,0.3,0.1,8.576958985908941,1,-16.51959523097518
3,0.4,0.2,0.3,0.1,9.027251779484576,1,-16.294921800148966
3,0.4,0.2,0.3,0.1,9.501185073181436,1,-16.07114705389008
3,0.4,0.2,0.3,0.1,10.0,1,-15.848897330378742
3,0.4,0.2,0.3,0.1,10.525002852777327,1,-15.628749234471739
3,0.4,0.2,0.3,0.1,11.077568505097092,1,-15.41122848064994
3,0.4,0.2,0.3,0.1,11.659144011798316,1,-15.196809551239554
3,0.4,0.2,0.3,0.1,12.271252398511898,1,-14.985916074115291
3,0.4,0.2,0.3,0.1,12.91549665014884,1,-14.778921820517843
3,0.4,0.2,0.3,0.1,13.593563908785255,1,-14.576152223667671
3,0.4,0.2,0.3,0.1,14.307229891937572,1,-14.377886321852728
3,0.4,0.2,0.3,0.1,15.058363542798407,1,-14.184359034967287
3,0.4,0.2,0.3,0.1,15.848931924611133,1,-13.99576369043981
3,0.4,0.2,0.3,0.1,16.68100537200059,1,-13.812254722548346
3,0.4,0.2,0.3,0.1,17.556762912750013,1,-13.633950477803069
3,0.4,0.2,0.3,0.1,18.478497974222908,1,-13.46093606794313
3,0.4,0.2,0.3,0.1,19.448624389373624,1,-13.293266220842847
3,0.4,0.2,0.3,0.1,20.46968271807521,1,-13.130968087995676
3,0.4,0.2,0.3,0.1,21.544346900318832,1,-12.974043975047888
3,0.4,0.2,0.3,0.1,22.67543125870802,1,-12.822473968985548
3,0.4,0.2,0.3,0.1,23.865897868585808,1,-12.676218441974552
3,0.4,0.2,0.3,0.1,25.118864315095795,1,-12.535220417461312
3,0.4,0.2,0.3,0.1,26.437611857491,1,-12.39940778900307
3,0.4,0.2,0.3,0.1,27.825594022071243,1,-12.268695386408613
3,0.4,0.2,0.3,0.1,29.286445646252357,1,-12.14298688721579
3,0.4,0.2,0.3,0.1,30.823992397451434,1,-12.022176574327514
3,0.4,0.2,0.3,0.1,32.4422607917163,1,-11.906150942879623
3,0.4,0.2,0.3,0.1,34.14548873833603,1,-11.794790161153513
3,0.4,0.2,0.3,0.1,35.938136638046274,1,-11.687969391666208
3,0.4,0.2,0.3,0.1,37.824899063893845,1,-11.585559979501914
3,0.4,0.2,0.3,0.1,39.810717055349734,1,-11.487430515590624
3,0.4,0.2,0.3,0.1,41.90079105786669,1,-11.393447783013865
3,0.4,0.2,0.3,0.1,44.100594541767364,1,-11.303477594557432
3,0.4,0.2,0.3,0.1,46.4158883361278,1,-11.2173855297521
3,0.4,0.2,0.3,0.1,48.852735715193894,1,-11.135037579475116
3,0.4,0.2,0.3,0.1,51.41751827683925,1,-11.056300705961586
3,0.4,0.2,0.3,0.1,54.116952654646376,1,-10.98104332573876
3,0.4,0.2,0.3,0.1,56.958108107376866,1,-10.909135722634677
3,0.4,0.2,0.3,0.1,59.94842503189409,1,-10.840450397605384
3,0.4,0.2,0.3,0.1,63.09573444801933,1,-10.774862361693383
3,0.4,0.2,0.3,0.1,66.40827850634841,1,-10.712249377990124
3,0.4,0.2,0.3,0.1,69.89473207273487,1,-10.652492158049432
3,0.4,0.2,0.3,0.1,73.56422544596414,1,-10.595474517768489
3,0.4,0.2,0.3,0.1,77.4263682681127,1,-10.541083497334203
3,0.4,0.2,0.3,0.1,81.49127469020745,1,-10.489209449442116
3,0.4,0.2,0.3,0.1,85.76958985908941,1,-10.439746099615677
3,0.4,0.2,0.3,0.1,90.27251779484574,1,-10.39259058211137
3,0.4,0.2,0.3,0.1,95.01185073181439,1,-10.347643454536993
3,0.4,0.2,0.3,0.1,100.0,1,-10.304808694036582
4,0.2,0.2,0.0,0.1,0.010000000000000002,2,2.1067176421494915
4,0.2,0.2,0.0,0.1,0.010525002852777327,2,2.106722575281128
4,0.2,0.2,0.0,0.1,0.011077568505097092,2,2.106728042467032
4,0.2,0.2,0.0,0.1,0.011659144011798317,2,2.1067341016624885
4,0.2,0.2,0.0,0.1,0.012271252398511897,2,2.106740817134911
4,0.2,0.2,0.0,0.1,0.01291549665014884,2,2.1067482601545784
4,0.2,0.2,0.0,0.1,0.013593563908785255,2,2.106756509762042
4,0.2,0.2,0.0,0.1,0.014307229891937572,2,2.106765653620424
4,0.2,0.2,0.0,0.1,0.015058363542798407,2,2.106775788961235
4,0.2,0.2,0.0,0.1,0.015848931924611134,2,2.1067870236357367
4,0.2,0.2,0.0,0.1,0.016681005372000592,2,2.1067994772821175
4,0.2,0.2,0.0,0.1,0.017556762912750015,2,2.1068132826228103
4,0.2,0.2,0.0,0.1,0.018478497974222907,2,2.1068285869052295
4,0.2,0.2,0.0,0.1,0.019448624389373625,2,2.106845553503267
4,0.2,0.2,0.0,0.1,0.02046968271807521,2,2.1068643636972473
4,0.2,0.2,0.0,0.1,0.021544346900318832,2,2.106885218651655
4,0.2,0.2,0.0,0.1,0.02267543125870802,2,2.1069083416148437
4,0.2,0.2,0.0,0.1,0.023865897868585808,2,2.106933980363923
4,0.2,0.2,0.0,0.1,0.025118864315095794,2,2.1069624099237627
4,0.2,0.2,0.0,0.1,0.026437611857490998,2,2.106993935591439
4,0.2,0.2,0.0,0.1,0.027825594022071243,2,2.107028896299634
4,0.2,0.2,0.0,0.1,0.02928644564625236,2,2.107067668359641
4,0.2,0.2,0.0,0.1,0.030823992397451434,2,2.107110669625323
4,0.2,0.2,0.0,0.1,0.0324422607917163,2,2.107158364127537
4,0.2,0.2,0.0,0.1,0.034145488738336026,2,2.1072112672328336
4,0.2,0.2,0.0,0.1,0.03593813663804628,2,2.1072699513860593
4,0.2,0.2,0.0,0.1,0.037824899063893844,2,2.107335052504955
4,0.2,0.2,0.0,0.1,0.039810717055349734,2,2.1074072771009034
4,0.2,0.2,0.0,0.1,0.04190079105786669,2,2.1074874102106733
4,0.2,0.2,0.0,0.1,0.04410059454176737,2,2.107576324232485
4,0.2,0.2,0.0,0.1,0.046415888336127795,2,2.1076749887710022
4,0.2,0.2,0.0,0.1,0.04885273571519389,2,2.1077844816083324
4,0.2,0.2,0.0,0.1,0.051417518276839255,2,2.107906000932469
4,0.2,0.2,0.0,0.1,0.054116952654646375,2,2.1080408789679206
4,0.2,0.2,0.0,0.1,0.056958108107376865,2,2.108190597173132
4,0.2,0.2,0.0,0.1,0.05994842503189409,2,2.10835680318624
4,0.2,0.2,0.0,0.1,0.06309573444801933,2,2.1085413297227573
4,0.2,0.2,0.0,0.1,0.06640827850634841,2,2.1087462156531567
4,0.2,0.2,0.0,0.1,0.06989473207273486,2,2.1089737295137745
4,0.2,0.2,0.0,0.1,0.07356422544596414,2,2.1092263957345425
4,0.2,0.2,0.0,0.1,0.0774263682681127,2,2.109507023899848
4,0.2,0.2,0.0,0.1,0.08149127469020745,2,2.109818741394509
4,0.2,0.2,0.0,0.1,0.08576958985908942,2,2.1101650298287478
4,0.2,0.2,0.0,0.1,0.09027251779484574,2,2.1105497656783045
4,0.2,0.2,0.0,0.1,0.0950118507318144,2,2.1109772656284775
4,0.2,0.2,0.0,0.1,0.1,2,2.1114523371617455
4,0.2,0.2,0.0,0.1,0.10525002852777329,2,2.11198033499147
4,0.2,0.2,0.0,0.1,0.11077568505097089,2,2.1125672240094318
4,0.2,0.2,0.0,0.1,0.11659144011798317,2,2.1132196494847655
4,0.2,0.2,0.0,0.1,0.122712523985119,2,2.1139450153342842
4,0.2,0.2,0.0,0.1,0.1291549665014884,2,2.1147515713663356
4,0.2,0.2,0.0,0.1,0.13593563908785256,2,2.1156485104933287
4,0.2,0.2,0.0,0.1,0.14307229891937576,2,2.116646077008455
4,0.2,0.2,0.0,0.1,0.15058363542798409,2,2.117755687126466
4,0.2,0.2,0.0,0.1,0.15848931924611134,2,2.118990063100612
4,0.2,0.2,0.0,0.1,0.16681005372000587,2,2.1203633823469348
4,0.2,0.2,0.0,0.1,0.17556762912750015,2,2.1218914431269553
4,0.2,0.2,0.0,0.1,0.18478497974222913,2,2.123591848466644
4,0.2,0.2,0.0,0.1,0.1944862438937362,2,2.1254842101130045
4,0.2,0.2,0.0,0.1,0.2046968271807521,2,2.1275903744530034
4,0.2,0.2,0.0,0.1,0.2154434690031884,2,2.1299346724357404
4,0.2,0.2,0.0,0.1,0.22675431258708015,2,2.1325441956399516
4,0.2,0.2,0.0,0.1,0.2386589786858581,2,2.1354491007176124
4,0.2,0.2,0.0,0.1,0.251188643150958,2,2.1386829444992816
4,0.2,0.2,0.0,0.1,0.26437611857491,2,2.1422830520690495
4,0.2,0.2,0.0,0.1,0.2782559402207124,2,2.1462909200891556
4,0.2,0.2,0.0,0.1,0.2928644564625237,2,2.1507526575596403
4,0.2,0.2,0.0,0.1,0.30823992397451433,2,2.1557194660232204
4,0.2,0.2,0.0,0.1,0.32442260791716304,2,2.1612481609491363
4,0.2,0.2,0.0,0.1,0.34145488738336016,2,2.1674017356205333
4,0.2,0.2,0.0,0.1,0.35938136638046275,2,2.174249968291786
4,0.2,0.2,0.0,0.1,0.37824899063893846,2,2.1818700726348172
4,0.2,0.2,0.0,0.1,0.39810717055349726,2,2.190347390526526
4,0.2,0.2,0.0,0.1,0.41900791057866693,2,2.1997761250089454
4,0.2,0.2,0.0,0.1,0.4410059454176737,2,2.2102601097343078
4,0.2,0.2,0.0,0.1,0.4641588833612779,2,2.2219136093610814
4,0.2,0.2,0.0,0.1,0.4885273571519389,2,2.2348621431476756
4,0.2,0.2,0.0,0.1,0.5141751827683927,2,2.249243321376526
4,0.2,0.2,0.0,0.1,0.5411695265464637,2,2.2652076812045507
4,0.2,0.2,0.0,0.1,0.5695810810737687,2,2.282919505071601
4,0.2,0.2,0.0,0.1,0.599484250318941,2,2.302557600919042
4,0.2,0.2,0.0,0.1,0.6309573444801932,2,2.324316019213546
4,0.2,0.2,0.0,0.1,0.6640827850634842,2,2.3484046772103584
4,0.2,0.2,0.0,0.1,0.6989473207273484,2,2.3750498561460276
4,0.2,0.2,0.0,0.1,0.7356422544596414,2,2.404494532284973
4,0.2,0.2,0.0,0.1,0.7742636826811271,2,2.4369984981958304
4,0.2,0.2,0.0,0.1,0.8149127469020743,2,2.4728382265827076
4,0.2,0.2,0.0,0.1,0.8576958985908941,2,2.512306425817079
4,0.2,0.2,0.0,0.1,0.9027251779484575,2,2.5557112344222865
4,0.2,0.2,0.0,0.1,0.9501185073181437,2,2.6033750016411394
4,0.2,0.2,0.0,0.1,1.0,2,2.6556326033764233
4,0.2,0.2,0.0,0.1,1.052500285277733,2,2.7128292477595295
4,0.2,0.2,0.0,0.1,1.107756850509709,2,2.7753177328487366
4,0.2,0.2,0.0,0.1,1.1659144011798317,2,2.8434551308849088
4,0.2,0.2,0.0,0.1,1.22712523985119,2,2.917598889373463
4,0.2,0.2,0.0,0.1,1.2915496650148839,2,2.9981023590338385
4,0.2,0.2,0.0,0.1,1.3593563908785256,2,3.0853097820930264
4,0.2,0.2,0.0,0.1,1.4307229891937576,2,3.1795508008679807
4,0.2,0.2,0.0,0.1,1.5058363542798405,2,3.281134575083744
4,0.2,0.2,0.0,0.1,1.5848931924611136,2,3.390343625502812
4,0.2,0.2,0.0,0.1,1.6681005372000588,2,3.5074275494395346
4,0.2,0.2,0.0,0.1,1.7556762912750012,2,3.6325967785804547
4,0.2,0.2,0.0,0.1,1.847849797422291,2,3.7660165690553526
4,0.2,0.2,0.0,0.1,1.944862438937362,2,3.9078014258125293
4,0.2,0.2,0.0,0.1,2.046968271807521,2,4.0580101661987555
4,0.2,0.2,0.0,0.1,2.154434690031884,2,4.216641819897604
4,0.2,0.2,0.0,0.1,2.2675431258708016,2,4.3836325434022605
4,0.2,0.2,0.0,0.1,2.386589786858581,2,4.558853697218135
4,0.2,0.2,0.0,0.1,2.51188643150958,2,4.742111194162968
4,0.2,0.2,0.0,0.1,2.6437611857490997,2,4.933146179524273
4,0.2,0.2,0.0,0.1,2.7825594022071245,2,5.131637051277282
4,0.2,0.2,0.0,0.1,2.9286445646252366,2,5.3372027744215345
4,0.2,0.2,0.0,0.1,3.082399239745143,2,5.549407391346928
4,0.2,0.2,0.0,0.1,3.24422607917163,2,5.767765583439299
4,0.2,0.2,0.0,0.1,3.4145488738336014,2,5.99174910087279
4,0.2,0.2,0.0,0.1,3.5938136638046276,2,6.220793849951933
4,0.2,0.2,0.0,0.1,3.782489906389384,2,6.454307411772908
4,0.2,0.2,0.0,0.1,3.9810717055349722,2,6.691676762659071
4,0.2,0.2,0.0,0.1,4.190079105786669,2,6.932275975124069
4,0.2,0.2,0.0,0.1,4.4100594541767375,2,7.175473696515522
4,0.2,0.2,0.0,0.1,4.641588833612778,2,7.420640228883202
4,0.2,0.2,0.0,0.1,4.885273571519389,2,7.667154065521986
4,0.2,0.2,0.0,0.1,5.141751827683927,2,7.91440777450656
4,0.2,0.2,0.0,0.1,5.411695265464636,2,8.161813154939267
4,0.2,0.2,0.0,0.1,5.695810810737687,2,8.408805625473281
4,0.2,0.2,0.0,0.1,5.99484250318941,2,8.654847835308077
4,0.2,0.2,0.0,0.1,6.309573444801933,2,8.899432514123617
4,0.2,0.2,0.0,0.1,6.6408278506348415,2,9.142084598672628
4,0.2,0.2,0.0,0.1,6.989473207273485,2,9.382362689782585
4,0.2,0.2,0.0,0.1,7.3564225445964135,2,9.619859904503624
4,0.2,0.2,0.0,0.1,7.742636826811269,2,9.854204194515791
4,0.2,0.2,0.0,0.1,8.149127469020742,2,10.085058204320884
4,0.2,0.2,0.0,0.1,8.576958985908941,2,10.312118741914244
4,0.2,0.2,0.0,0.1,9.027251779484576,2,10.53511593131018
4,0.2,0.2,0.0,0.1,9.501185073181436,2,10.753812111202077
4,0.2,0.2,0.0,0.1,10.0,2,10.968000537814259
4,0.2,0.2,0.0,0.1,10.525002852777327,2,11.177503943191613
4,0.2,0.2,0.0,0.1,11.077568505097092,2,11.382172993218331
4,0.2,0.2,0.0,0.1,11.659144011798316,2,11.581884682889232
4,0.2,0.2,0.0,0.1,12.271252398511898,2,11.776540700012994
4,0.2,0.2,0.0,0.1,12.91549665014884,2,11.966065782758939
4,0.2,0.2,0.0,0.1,13.593563908785255,2,12.150406091349186
4,0.2,0.2,0.0,0.1,14.307229891937572,2,12.329527609770597
4,0.2,0.2,0.0,0.1,15.058363542798407,2,12.503414589626116
4,0.2,0.2,0.0,0.1,15.848931924611133,2,12.672068045117669
4,0.2,0.2,0.0,0.1,16.68100537200059,2,12.835504305591794
4,0.2,0.2,0.0,0.1,17.556762912750013,2,12.993753630023352
4,0.2,0.2,0.0,0.1,18.478497974222908,2,13.146858886178725
4,0.2,0.2,0.0,0.1,19.448624389373624,2,13.294874295931237
4,0.2,0.2,0.0,0.1,20.46968271807521,2,13.43786424722271
4,0.2,0.2,0.0,0.1,21.544346900318832,2,13.575902172426257
4,0.2,0.2,0.0,0.1,22.67543125870802,2,13.709069492311809
4,0.2,0.2,0.0,0.1,23.865897868585808,2,13.83745462440742
4,0.2,0.2,0.0,0.1,25.118864315095795,2,13.961152054251746
4,0.2,0.2,0.0,0.1,26.437611857491,2,14.080261467815603
4,0.2,0.2,0.0,0.1,27.825594022071243,2,14.194886943217998
4,0.2,0.2,0.0,0.1,29.286445646252357,2,14.30513619974716
4,0.2,0.2,0.0,0.1,30.823992397451434,2,14.411119902120785
4,0.2,0.2,0.0,0.1,32.4422607917163,2,14.512951017861585
4,0.2,0.2,0.0,0.1,34.14548873833603,2,14.61074422562536
4,0.2,0.2,0.0,0.1,35.938136638046274,2,14.704615372291174
4,0.2,0.2,0.0,0.1,37.824899063893845,2,14.794680976609186
4,0.2,0.2,0.0,0.1,39.810717055349734,2,14.88105777719051
4,0.2,0.2,0.0,0.1,41.90079105786669,2,14.963862322628184
4,0.2,0.2,0.0,0.1,44.100594541767364,2,15.043210601542455
4,0.2,0.2,0.0,0.1,46.4158883361278,2,15.11921771036211
4,0.2,0.2,0.0,0.1,48.852735715193894,2,15.191997556675485
4,0.2,0.2,0.0,0.1,51.41751827683925,2,15.261662596014848
4,0.2,0.2,0.0,0.1,54.116952654646376,2,15.328323599976535
4,0.2,0.2,0.0,0.1,56.958108107376866,2,15.392089453622827
4,0.2,0.2,0.0,0.1,59.94842503189409,2,15.45306698016331
4,0.2,0.2,0.0,0.1,63.09573444801933,2,15.511360790970507
4,0.2,0.2,0.0,0.1,66.40827850634841,2,15.567073159046974
4,0.2,0.2,0.0,0.1,69.89473207273487,2,15.620303914128542
4,0.2,0.2,0.0,0.1,73.56422544596414,2,15.671150357680897
4,0.2,0.2,0.0,0.1,77.4263682681127,2,15.719707196120192
4,0.2,0.2,0.0,0.1,81.49127469020745,2,15.766066490666674
4,0.2,0.2,0.0,0.1,85.76958985908941,2,15.810317622319925
4,0.2,0.2,0.0,0.1,90.27251779484574,2,15.852547270523697
4,0.2,0.2,0.0,0.1,95.01185073181439,2,15.892839404170743
4,0.2,0.2,0.0,0.1,100.0,2,15.93127528367695
4,0.4,0.2,0.0,0.1,0.010000000000000002,2,-11.796339142554901
4,0.4,0.2,0.0,0.1,0.010525002852777327,2,-11.79633067458199
4,0.4,0.2,0.0,0.1,0.011077568505097092,2,-11.796321293038403
4,0.4,0.2,0.0,0.1,0.011659144011798317,2,-11.79631089930535
4,0.4,0.2,0.0,0.1,0.012271252398511897,2,-11.796299384109288
4,0.4,0.2,0.0,0.1,0.01291549665014884,2,-11.796286626369545
4,0.4,0.2,0.0,0.1,0.013593563908785255,2,-11.796272491920822
4,0.4,0.2,0.0,0.1,0.014307229891937572,2,-11.79625683209763
4,0.4,0.2,0.0,0.1,0.015058363542798407,2,-11.796239482165072
4,0.4,0.2,0.0,0.1,0.015848931924611134,2,-11.796220259579627
4,0.4,0.2,0.0,0.1,0.016681005372000592,2,-11.79619896206139
4,0.4,0.2,0.0,0.1,0.017556762912750015,2,-11.796175365457263
4,0.4,0.2,0.0,0.1,0.018478497974222907,2,-11.796149221372465
4,0.4,0.2,0.0,0.1,0.019448624389373625,2,-11.796120254545173
4,0.4,0.2,0.0,0.1,0.02046968271807521,2,-11.79608815993638
4,0.4,0.2,0.0,0.1,0.021544346900318832,2,-11.796052599503914
4,0.4,0.2,0.0,0.1,0.02267543125870802,2,-11.79601319862651
4,0.4,0.2,0.0,0.1,0.023865897868585808,2,-11.795969542140005
4,0.4,0.2,0.0,0.1,0.025118864315095794,2,-11.795921169943103
4,0.4,0.2,0.0,0.1,0.026437611857490998,2,-11.795867572126639
4,0.4,0.2,0.0,0.1,0.027825594022071243,2,-11.795808183573552
4,0.4,0.2,0.0,0.1,0.02928644564625236,2,-11.795742377973772
4,0.4,0.2,0.0,0.1,0.030823992397451434,2,-11.795669461188629
4,0.4,0.2,0.0,0.1,0.0324422607917163,2,-11.795588663895984
4,0.4,0.2,0.0,0.1,0.034145488738336026,2,-11.795499133436937
4,0.4,0.2,0.0,0.1,0.03593813663804628,2,-11.795399924778138
4,0.4,0.2,0.0,0.1,0.037824899063893844,2,-11.795289990494084
4,0.4,0.2,0.0,0.1,0.039810717055349734,2,-11.795168169663606
4,0.4,0.2,0.0,0.1,0.04190079105786669,2,-11.79503317556242
4,0.4,0.2,0.0,0.1,0.04410059454176737,2,-11.794883582023253
4,0.4,0.2,0.0,0.1,0.046415888336127795,2,-11.794717808319199
4,0.4,0.2,0.0,0.1,0.04885273571519389,2,-11.794534102411724
4,0.4,0.2,0.0,0.1,0.051417518276839255,2,-11.794330522388297
4,0.4,0.2,0.0,0.1,0.054116952654646375,2,-11.794104915895565
4,0.4,0.2,0.0,0.1,0.056958108107376865,2,-11.793854897354205
4,0.4,0.2,0.0,0.1,0.05994842503189409,2,-11.79357782271946
4,0.4,0.2,0.0,0.1,0.06309573444801933,2,-11.793270761526998
4,0.4,0.2,0.0,0.1,0.06640827850634841,2,-11.792930465937335
4,0.4,0.2,0.0,0.1,0.06989473207273486,2,-11.792553336462419
4,0.4,0.2,0.0,0.1,0.07356422544596414,2,-11.792135384027846
4,0.4,0.2,0.0,0.1,0.0774263682681127,2,-11.791672187987723
4,0.4,0.2,0.0,0.1,0.08149127469020745,2,-11.791158849673856
4,0.4,0.2,0.0,0.1,0.08576958985908942,2,-11.79058994101937
4,0.4,0.2,0.0,0.1,0.09027251779484574,2,-11.789959447753539
4,0.4,0.2,0.0,0.1,0.0950118507318144,2,-11.789260706618187
4,0.4,0.2,0.0,0.1,0.1,2,-11.788486336004977
4,0.4,0.2,0.0,0.1,0.10525002852777329,2,-11.787628159361008
4,0.4,0.2,0.0,0.1,0.11077568505097089,2,-11.786677120651479
4,0.4,0.2,0.0,0.1,0.11659144011798317,2,-11.785623191110384
4,0.4,0.2,0.0,0.1,0.122712523985119,2,-11.784455266446525
4,0.4,0.2,0.0,0.1,0.1291549665014884,2,-11.78316105360805
4,0.4,0.2,0.0,0.1,0.13593563908785256,2,-11.781726946142134
4,0.4,0.2,0.0,0.1,0.14307229891937576,2,-11.780137887119512
4,0.4,0.2,0.0,0.1,0.15058363542798409,2,-11.778377218526082
4,0.4,0.2,0.0,0.1,0.15848931924611134,2,-11.77642651595926
4,0.4,0.2,0.0,0.1,0.16681005372000587,2,-11.77426540740485
4,0.4,0.2,0.0,0.1,0.17556762912750015,2,-11.771871374813392
4,0.4,0.2,0.0,0.1,0.18478497974222913,2,-11.769219537148867
4,0.4,0.2,0.0,0.1,0.1944862438937362,2,-11.766282413544749
4,0.4,0.2,0.0,0.1,0.2046968271807521,2,-11.763029665183545
4,0.4,0.2,0.0,0.1,0.2154434690031884,2,-11.759427814515355
4,0.4,0.2,0.0,0.1,0.22675431258708015,2,-11.755439940456325
4,0.4,0.2,0.0,0.1,0.2386589786858581,2,-11.751025348267351
4,0.4,0.2,0.0,0.1,0.251188643150958,2,-11.746139212908268
4,0.4,0.2,0.0,0.1,0.26437611857491,2,-11.740732194811843
4,0.4,0.2,0.0,0.1,0.2782559402207124,2,-11.734750027221752
4,0.4,0.2,0.0,0.1,0.2928644564625237,2,-11.728133074511538
4,0.4,0.2,0.0,0.1,0.30823992397451433,2,-11.7208158612517
4,0.4,0.2,0.0,0.1,0.32442260791716304,2,-11.712726572234654
4,0.4,0.2,0.0,0.1,0.34145488738336016,2,-11.703786524214266
4,0.4,0.2,0.0,0.1,0.35938136638046275,2,-11.693909610784726
4,0.4,0.2,0.0,0.1,0.37824899063893846,2,-11.683001722620922
4,0.4,0.2,0.0,0.1,0.39810717055349726,2,-11.670960146249476
4,0.4,0.2,0.0,0.1,0.41900791057866693,2,-11.657672945619947
4,0.4,0.2,0.0,0.1,0.4410059454176737,2,-11.643018332018984
4,0.4,0.2,0.0,0.1,0.4641588833612779,2,-11.626864029314088
4,0.4,0.2,0.0,0.1,0.4885273571519389,2,-11.6090666431374
4,0.4,0.2,0.0,0.1,0.5141751827683927,2,-11.589471044416765
4,0.4,0.2,0.0,0.1,0.5411695265464637,2,-11.567909779620978
4,0.4,0.2,0.0,0.1,0.5695810810737687,2,-11.544202522187884
4,0.4,0.2,0.0,0.1,0.599484250318941,2,-11.51815558181708
4,0.4,0.2,0.0,0.1,0.6309573444801932,2,-11.489561490584599
4,0.4,0.2,0.0,0.1,0.6640827850634842,2,-11.458198687118514
4,0.4,0.2,0.0,0.1,0.6989473207273484,2,-11.423831322280098
4,0.4,0.2,0.0,0.1,0.7356422544596414,2,-11.386209211830966
4,0.4,0.2,0.0,0.1,0.7742636826811271,2,-11.345067963316113
4,0.4,0.2,0.0,0.1,0.8149127469020743,2,-11.300129305725692
4,0.4,0.2,0.0,0.1,0.8576958985908941,2,-11.251101651260543
4,0.4,0.2,0.0,0.1,0.9027251779484575,2,-11.197680918562003
4,0.4,0.2,0.0,0.1,0.9501185073181437,2,-11.139551645898704
4,0.4,0.2,0.0,0.1,1.0,2,-11.076388420869886
4,0.4,0.2,0.0,0.1,1.052500285277733,2,-11.007857650017861
4,0.4,0.2,0.0,0.1,1.107756850509709,2,-10.933619687207063
4,0.4,0.2,0.0,0.1,1.1659144011798317,2,-10.853331333617366
4,0.4,0.2,0.0,0.1,1.22712523985119,2,-10.766648714659578
4,0.4,0.2,0.0,0.1,1.2915496650148839,2,-10.673230530055932
4,0.4,0.2,0.0,0.1,1.3593563908785256,2,-10.572741662833163
4,0.4,0.2,0.0,0.1,1.4307229891937576,2,-10.464857121220772
4,0.4,0.2,0.0,0.1,1.5058363542798405,2,-10.349266274718438
4,0.4,0.2,0.0,0.1,1.5848931924611136,2,-10.22567733227293
4,0.4,0.2,0.0,0.1,1.6681005372000588,2,-10.09382199707396
4,0.4,0.2,0.0,0.1,1.7556762912750012,2,-9.953460219509713
4,0.4,0.2,0.0,0.1,1.847849797422291,2,-9.804384957959456
4,0.4,0.2,0.0,0.1,1.944862438937362,2,-9.64642684702276
4,0.4,0.2,0.0,0.1,2.046968271807521,2,-9.479458665173413
4,0.4,0.2,0.0,0.1,2.154434690031884,2,-9.303399489314945
4,0.4,0.2,0.0,0.1,2.2675431258708016,2,-9.118218422856328
4,0.4,0.2,0.0,0.1,2.386589786858581,2,-8.923937787118607
4,0.4,0.2,0.0,0.1,2.51188643150958,2,-8.720635673359844
4,0.4,0.2,0.0,0.1,2.6437611857490997,2,-8.508447764466098
4,0.4,0.2,0.0,0.1,2.7825594022071245,2,-8.287568351178255
4,0.4,0.2,0.0,0.1,2.9286445646252366,2,-8.058250487137087
4,0.4,0.2,0.0,0.1,3.082399239745143,2,-7.8208052493332065
4,0.4,0.2,0.0,0.1,3.24422607917163,2,-7.5756000948614455
4,0.4,0.2,0.0,0.1,3.4145488738336014,2,-7.323056330160826
4,0.4,0.2,0.0,0.1,3.5938136638046276,2,-7.063645734061163
4,0.4,0.2,0.0,0.1,3.782489906389384,2,-6.797886399833375
4,0.4,0.2,0.0,0.1,3.9810717055349722,2,-6.526337882986477
4,0.4,0.2,0.0,0.1,4.190079105786669,2,-6.249595759844451
4,0.4,0.2,0.0,0.1,4.4100594541767375,2,-5.968285716229471
4,0.4,0.2,0.0,0.1,4.641588833612778,2,-5.683057295360916
4,0.4,0.2,0.0,0.1,4.885273571519389,2,-5.394577439101578
4,0.4,0.2,0.0,0.1,5.141751827683927,2,-5.103523956942102
4,0.4,0.2,0.0,0.1,5.411695265464636,2,-4.810579052863162
4,0.4,0.2,0.0,0.1,5.695810810737687,2,-4.516423031907535
4,0.4,0.2,0.0,0.1,5.99484250318941,2,-4.221728296558991
4,0.4,0.2,0.0,0.1,6.309573444801933,2,-3.9271537286061697
4,0.4,0.2,0.0,0.1,6.6408278506348415,2,-3.633339535867397
4,0.4,0.2,0.0,0.1,6.989473207273485,2,-3.3409026257868013
4,0.4,0.2,0.0,0.1,7.3564225445964135,2,-3.050432550249238
4,0.4,0.2,0.0,0.1,7.742636826811269,2,-2.7624880487099324
4,0.4,0.2,0.0,0.1,8.149127469020742,2,-2.4775942004784723
4,0.4,0.2,0.0,0.1,8.576958985908941,2,-2.196240182216347
4,0.4,0.2,0.0,0.1,9.027251779484576,2,-1.9188776137383012
4,0.4,0.2,0.0,0.1,9.501185073181436,2,-1.645919464269896
4,0.4,0.2,0.0,0.1,10.0,2,-1.377739482505358
4,0.4,0.2,0.0,0.1,10.525002852777327,2,-1.1146721071192522
4,0.4,0.2,0.0,0.1,11.077568505097092,2,-0.8570128097321272
4,0.4,0.2,0.0,0.1,11.659144011798316,2,-0.6050188195477313
4,0.4,0.2,0.0,0.1,12.271252398511898,2,-0.35891017777037737
4,0.4,0.2,0.0,0.1,12.91549665014884,2,-0.11887107024376453
4,0.4,0.2,0.0,0.1,13.593563908785255,2,0.11494861172145487
4,0.4,0.2,0.0,0.1,14.307229891937572,2,0.3424315298824476
4,0.4,0.2,0.0,0.1,15.058363542798407,2,0.5634910213127897
4,0.4,0.2,0.0,0.1,15.848931924611133,2,0.7780691250110161
4,0.4,0.2,0.0,0.1,16.68100537200059,2,0.9861345494943441
4,0.4,0.2,0.0,0.1,17.556762912750013,2,1.1876806138328977
4,0.4,0.2,0.0,0.1,18.478497974222908,2,1.3827231903947412
4,0.4,0.2,0.0,0.1,19.448624389373624,2,1.571298673487287
4,0.4,0.2,0.0,0.1,20.46968271807521,2,1.7534619941759866
4,0.4,0.2,0.0,0.1,21.544346900318832,2,1.9292846979047873
4,0.4,0.2,0.0,0.1,22.67543125870802,2,2.09885309817317
4,0.4,0.2,0.0,0.1,23.865897868585808,2,2.2622665164710343
4,0.4,0.2,0.0,0.1,25.118864315095795,2,2.419635615942939
4,0.4,0.2,0.0,0.1,26.437611857491,2,2.5710808338509583
4,0.4,0.2,0.0,0.1,27.825594022071243,2,2.7167309158206976
4,0.4,0.2,0.0,0.1,29.286445646252357,2,2.8567215530706402
4,0.4,0.2,0.0,0.1,30.823992397451434,2,2.9911941223250027
4,0.4,0.2,0.0,0.1,32.4422607917163,2,3.12029452686835
4,0.4,0.2,0.0,0.1,34.14548873833603,2,3.24417213619439
4,0.4,0.2,0.0,0.1,35.938136638046274,2,3.3629788209046163
4,0.4,0.2,0.0,0.1,37.824899063893845,2,3.4768680789021733
4,0.4,0.2,0.0,0.1,39.810717055349734,2,3.5859942484774976
4,0.4,0.2,0.0,0.1,41.90079105786669,2,3.6905118035720275
4,0.4,0.2,0.0,0.1,44.100594541767364,2,3.790574726315632
4,0.4,0.2,0.0,0.1,46.4158883361278,2,3.886335951841713
4,0.4,0.2,0.0,0.1,48.852735715193894,2,3.9779468803744056
4,0.4,0.2,0.0,0.1,51.41751827683925,2,4.065556951641103
4,0.4,0.2,0.0,0.1,54.116952654646376,2,4.149313276772881
4,0.4,0.2,0.0,0.1,56.958108107376866,2,4.229360323012243
4,0.4,0.2,0.0,0.1,59.94842503189409,2,4.30583964672957
4,0.4,0.2,0.0,0.1,63.09573444801933,2,4.378889670460184
4,0.4,0.2,0.0,0.1,66.40827850634841,2,4.448645499897519
4,0.4,0.2,0.0,0.1,69.89473207273487,2,4.51523877701181
4,0.4,0.2,0.0,0.1,73.56422544596414,2,4.578797565702919
4,0.4,0.2,0.0,0.1,77.4263682681127,2,4.639446266634173
4,0.4,0.2,0.0,0.1,81.49127469020745,2,4.697305558131681
4,0.4,0.2,0.0,0.1,85.76958985908941,2,4.752492360263982
4,0.4,0.2,0.0,0.1,90.27251779484574,2,4.805119819440651
4,0.4,0.2,0.0,0.1,95.01185073181439,2,4.855297311083473
4,0.4,0.2,0.0,0.1,100.0,2,4.903130458128824
4,0.6,0.2,0.0,0.1,0.010000000000000002,2,-35.69950297319191
4,0.6,0.2,0.0,0.1,0.010525002852777327,2,-35.69949377295561
4,0.6,0.2,0.0,0.1,0.011077568505097092,2,-35.699483583565694
4,0.6,0.2,0.0,0.1,0.011659144011798317,2,-35.69947229880659
4,0.6,0.2,0.0,0.1,0.012271252398511897,2,-35.6994598010794
4,0.6,0.2,0.0,0.1,0.01291549665014884,2,-35.699445960185784
4,0.6,0.2,0.0,0.1,0.013593563908785255,2,-35.699430631982324
4,0.6,0.2,0.0,0.1,0.014307229891937572,2,-35.69941365689198
4,0.6,0.2,0.0,0.1,0.015058363542798407,2,-35.69939485825784
4,0.6,0.2,0.0,0.1,0.015848931924611134,2,-35.69937404052159
4,0.6,0.2,0.0,0.1,0.016681005372000592,2,-35.69935098720973
4,0.6,0.2,0.0,0.1,0.017556762912750015,2,-35.69932545870586
4,0.6,0.2,0.0,0.1,0.018478497974222907,2,-35.699297189788005
4,0.6,0.2,0.0,0.1,0.019448624389373625,2,-35.69926588690512
4,0.6,0.2,0.0,0.1,0.02046968271807521,2,-35.69923122516679
4,0.6,0.2,0.0,0.1,0.021544346900318832,2,-35.69919284501516
4,0.6,0.2,0.0,0.1,0.02267543125870802,2,-35.69915034854674
4,0.6,0.2,0.0,0.1,0.023865897868585808,2,-35.69910329544746
4,0.6,0.2,0.0,0.1,0.025118864315095794,2,-35.69905119850112
4,0.6,0.2,0.0,0.1,0.026437611857490998,2,-35.69899351862691
4,0.6,0.2,0.0,0.1,0.027825594022071243,2,-35.69892965939786
4,0.6,0.2,0.0,0.1,0.02928644564625236,2,-35.69885896098629
4,0.6,0.2,0.0,0.1,0.030823992397451434,2,-35.69878069347864
4,0.6,0.2,0.0,0.1,0.0324422607917163,2,-35.69869404949407
4,0.6,0.2,0.0,0.1,0.034145488738336026,2,-35.698598136036686
4,0.6,0.2,0.0,0.1,0.03593813663804628,2,-35.69849196550402
4,0.6,0.2,0.0,0.1,0.037824899063893844,2,-35.698374445765666
4,0.6,0.2,0.0,0.1,0.039810717055349734,2,-35.6982443692193
4,0.6,0.2,0.0,0.1,0.04190079105786669,2,-35.69810040072162
4,0.6,0.2,0.0,0.1,0.04410059454176737,2,-35.69794106428185
4,0.6,0.2,0.0,0.1,0.046415888336127795,2,-35.69776472839558
4,0.6,0.2,0.0,0.1,0.04885273571519389,2,-35.69756958988475
4,0.6,0.2,0.0,0.1,0.051417518276839255,2,-35.69735365609742
4,0.6,0.2,0.0,0.1,0.054116952654646375,2,-35.69711472530807
4,0.6,0.2,0.0,0.1,0.056958108107376865,2,-35.69685036514421
4,0.6,0.2,0.0,0.1,0.05994842503189409,2,-35.696557888850165
4,0.6,0.2,0.0,0.1,0.06309573444801933,2,-35.69623432918263
4,0.6,0.2,0.0,0.1,0.06640827850634841,2,-35.69587640971405
4,0.6,0.2,0.0,0.1,0.06989473207273486,2,-35.695480513302755
4,0.6,0.2,0.0,0.1,0.07356422544596414,2,-35.69504264746721
4,0.6,0.2,0.0,0.1,0.0774263682681127,2,-35.69455840638215
4,0.6,0.2,0.0,0.1,0.08149127469020745,2,-35.69402292919156
4,0.6,0.2,0.0,0.1,0.08576958985908942,2,-35.693430854310435
4,0.6,0.2,0.0,0.1,0.09027251779484574,2,-35.692776269363705
4,0.6,0.2,0.0,0.1,0.0950118507318144,2,-35.692052656385464
4,0.6,0.2,0.0,0.1,0.1,2,-35.691252831876405
4,0.6,0.2,0.0,0.1,0.10525002852777329,2,-35.69036888129183
4,0.6,0.2,0.0,0.1,0.11077568505097089,2,-35.68939208750641
4,0.6,0.2,0.0,0.1,0.11659144011798317,2,-35.68831285277667
4,0.6,0.2,0.0,0.1,0.122712523985119,2,-35.687120613697395
4,0.6,0.2,0.0,0.1,0.1291549665014884,2,-35.68580374862466
4,0.6,0.2,0.0,0.1,0.13593563908785256,2,-35.684349477016944
4,0.6,0.2,0.0,0.1,0.14307229891937576,2,-35.682743750126754
4,0.6,0.2,0.0,0.1,0.15058363542798409,2,-35.680971132461146
4,0.6,0.2,0.0,0.1,0.15848931924611134,2,-35.67901467341819
4,0.6,0.2,0.0,0.1,0.16681005372000587,2,-35.676855768503145
4,0.6,0.2,0.0,0.1,0.17556762912750015,2,-35.67447400953142
4,0.6,0.2,0.0,0.1,0.18478497974222913,2,-35.671847023236325
4,0.6,0.2,0.0,0.1,0.1944862438937362,2,-35.66895029772476
4,0.6,0.2,0.0,0.1,0.2046968271807521,2,-35.665756996257414
4,0.6,0.2,0.0,0.1,0.2154434690031884,2,-35.662237757882146
4,0.6,0.2,0.0,0.1,0.22675431258708015,2,-35.658360484516315
4,0.6,0.2,0.0,0.1,0.2386589786858581,2,-35.65409011416097
4,0.6,0.2,0.0,0.1,0.251188643150958,2,-35.64938838003997
4,0.6,0.2,0.0,0.1,0.26437611857491,2,-35.6442135555912
4,0.6,0.2,0.0,0.1,0.2782559402207124,2,-35.63852018539946
4,0.6,0.2,0.0,0.1,0.2928644564625237,2,-35.63225880235359
4,0.6,0.2,0.0,0.1,0.30823992397451433,2,-35.62537563153572
4,0.6,0.2,0.0,0.1,0.32442260791716304,2,-35.61781228161177
4,0.6,0.2,0.0,0.1,0.34145488738336016,2,-35.60950542479129
4,0.6,0.2,0.0,0.1,0.35938136638046275,2,-35.600386466761705
4,0.6,0.2,0.0,0.1,0.37824899063893846,2,-35.59038120837998
4,0.6,0.2,0.0,0.1,0.39810717055349726,2,-35.57940950132256
4,0.6,0.2,0.0,0.1,0.41900791057866693,2,-35.56738490035015
4,0.6,0.2,0.0,0.1,0.4410059454176737,2,-35.554214315339685
4,0.6,0.2,0.0,0.1,0.4641588833612779,2,-35.539797666760464
4,0.6,0.2,0.0,0.1,0.4885273571519389,2,-35.52402754883053
4,0.6,0.2,0.0,0.1,0.5141751827683927,2,-35.506788905164434
4,0.6,0.2,0.0,0.1,0.5411695265464637,2,-35.4879587223155
4,0.6,0.2,0.0,0.1,0.5695810810737687,2,-35.46740574720836
4,0.6,0.2,0.0,0.1,0.599484250318941,2,-35.444990235038745
4,0.6,0.2,0.0,0.1,0.6309573444801932,2,-35.42056373477559
4,0.6,0.2,0.0,0.1,0.6640827850634842,2,-35.393968919913135
4,0.6,0.2,0.0,0.1,0.6989473207273484,2,-35.36503947257523
4,0.6,0.2,0.0,0.1,0.7356422544596414,2,-35.333600029445265
4,0.6,0.2,0.0,0.1,0.7742636826811271,2,-35.29946619826575
4,0.6,0.2,0.0,0.1,0.8149127469020743,2,-35.26244465379709
4,0.6,0.2,0.0,0.1,0.8576958985908941,2,-35.22233332212598
4,0.6,0.2,0.0,0.1,0.9027251779484575,2,-35.17892166204811
4,0.6,0.2,0.0,0.1,0.9501185073181437,2,-35.13199105189846
4,0.6,0.2,0.0,0.1,1.0,2,-35.08131528964859
4,0.6,0.2,0.0,0.1,1.052500285277733,2,-35.02666121332227
4,0.6,0.2,0.0,0.1,1.107756850509709,2,-34.96778944778449
4,0.6,0.2,0.0,0.1,1.1659144011798317,2,-34.90445528273759
4,0.6,0.2,0.0,0.1,1.22712523985119,2,-34.83640968530543
4,0.6,0.2,0.0,0.1,1.2915496650148839,2,-34.763400448915185
4,0.6,0.2,0.0,0.1,1.3593563908785256,2,-34.68517347830951
4,0.6,0.2,0.0,0.1,1.4307229891937576,2,-34.601474208458505
4,0.6,0.2,0.0,0.1,1.5058363542798405,2,-34.51204915292282
4,0.6,0.2,0.0,0.1,1.5848931924611136,2,-34.416647574875746
4,0.6,0.2,0.0,0.1,1.6681005372000588,2,-34.31502327156911
4,0.6,0.2,0.0,0.1,1.7556762912750012,2,-34.20693646056415
4,0.6,0.2,0.0,0.1,1.847849797422291,2,-34.09215575360006
4,0.6,0.2,0.0,0.1,1.944862438937362,2,-33.97046020158646
4,0.6,0.2,0.0,0.1,2.046968271807521,2,-33.84164139193791
4,0.6,0.2,0.0,0.1,2.154434690031884,2,-33.705505577375725
4,0.6,0.2,0.0,0.1,2.2675431258708016,2,-33.56187581345023
4,0.6,0.2,0.0,0.1,2.386589786858581,2,-33.41059408044642
4,0.6,0.2,0.0,0.1,2.51188643150958,2,-33.251523364064475
4,0.6,0.2,0.0,0.1,2.6437611857490997,2,-33.08454966836296
4,0.6,0.2,0.0,0.1,2.7825594022071245,2,-32.90958393395053
4,0.6,0.2,0.0,0.1,2.9286445646252366,2,-32.726563834338606
4,0.6,0.2,0.0,0.1,3.082399239745143,2,-32.53545542374743
4,0.6,0.2,0.0,0.1,3.24422607917163,2,-32.336254610503545
4,0.6,0.2,0.0,0.1,3.4145488738336014,2,-32.128988431479186
4,0.6,0.2,0.0,0.1,3.5938136638046276,2,-31.913716104803747
4,0.6,0.2,0.0,0.1,3.782489906389384,2,-31.690529840305025
4,0.6,0.2,0.0,0.1,3.9810717055349722,2,-31.459555389793103
4,0.6,0.2,0.0,0.1,4.190079105786669,2,-31.22095232234753
4,0.6,0.2,0.0,0.1,4.4100594541767375,2,-30.974914013166423
4,0.6,0.2,0.0,0.1,4.641588833612778,2,-30.721667338234525
4,0.6,0.2,0.0,0.1,4.885273571519389,2,-30.461472071003527
4,0.6,0.2,0.0,0.1,5.141751827683927,2,-30.194619981389348
4,0.6,0.2,0.0,0.1,5.411695265464636,2,-29.921433641597027
4,0.6,0.2,0.0,0.1,5.695810810737687,2,-29.64226494751463
4,0.6,0.2,0.0,0.1,5.99484250318941,2,-29.357493368581554
4,0.6,0.2,0.0,0.1,6.309573444801933,2,-29.067523943056784
4,0.6,0.2,0.0,0.1,6.6408278506348415,2,-28.772785039400716
4,0.6,0.2,0.0,0.1,6.989473207273485,2,-28.473725907960613
4,0.6,0.2,0.0,0.1,7.3564225445964135,2,-28.170814050240057
4,0.6,0.2,0.0,0.1,7.742636826811269,2,-27.86453243566338
4,0.6,0.2,0.0,0.1,8.149127469020742,2,-27.55537659786389
4,0.6,0.2,0.0,0.1,8.576958985908941,2,-27.243851644076212
4,0.6,0.2,0.0,0.1,9.027251779484576,2,-26.93046921217004
4,0.6,0.2,0.0,0.1,9.501185073181436,2,-26.615744410199238
4,0.6,0.2,0.0,0.1,10.0,2,-26.300192773060992
4,0.6,0.2,0.0,0.1,10.525002852777327,2,-25.984327269968755
4,0.6,0.2,0.0,0.1,11.077568505097092,2,-25.66865539497478
4,0.6,0.2,0.0,0.1,11.659144011798316,2,-25.353676370771073
4,0.6,0.2,0.0,0.1,12.271252398511898,2,-25.0398784935117
4,0.6,0.2,0.0,0.1,12.91549665014884,2,-24.72773664349851
4,0.6,0.2,0.0,0.1,13.593563908785255,2,-24.41770998333451
4,0.6,0.2,0.0,0.1,14.307229891937572,2,-24.11023986165709
4,0.6,0.2,0.0,0.1,15.058363542798407,2,-23.805747936902787
4,0.6,0.2,0.0,0.1,15.848931924611133,2,-23.504634531812375
4,0.6,0.2,0.0,0.1,16.68100537200059,2,-23.207277225645207
4,0.6,0.2,0.0,0.1,17.556762912750013,2,-22.91402968741638
4,0.6,0.2,0.0,0.1,18.478497974222908,2,-22.625220749967333
4,0.6,0.2,0.0,0.1,19.448624389373624,2,-22.341153721402307
4,0.6,0.2,0.0,0.1,20.46968271807521,2,-22.062105927416255
4,0.6,0.2,0.0,0.1,21.544346900318832,2,-21.7883284753523
4,0.6,0.2,0.0,0.1,22.67543125870802,2,-21.520046228490465
4,0.6,0.2,0.0,0.1,23.865897868585808,2,-21.25745797710098
4,0.6,0.2,0.0,0.1,25.118864315095795,2,-21.000736791209263
4,0.6,0.2,0.0,0.1,26.437611857491,2,-20.75003053881118
4,0.6,0.2,0.0,0.1,27.825594022071243,2,-20.505462552438548
4,0.6,0.2,0.0,0.1,29.286445646252357,2,-20.267132426485745
4,0.6,0.2,0.0,0.1,30.823992397451434,2,-20.035116927547868
4,0.6,0.2,0.0,0.1,32.4422607917163,2,-19.80947100015449
4,0.6,0.2,0.0,0.1,34.14548873833603,2,-19.590228850681513
4,0.6,0.2,0.0,0.1,35.938136638046274,2,-19.37740509284811
4,0.6,0.2,0.0,0.1,37.824899063893845,2,-19.17099593902234
4,0.6,0.2,0.0,0.1,39.810717055349734,2,-18.970980422525972
4,0.6,0.2,0.0,0.1,41.90079105786669,2,-18.77732163721859
4,0.6,0.2,0.0,0.1,44.100594541767364,2,-18.589967981808865
4,0.6,0.2,0.0,0.1,46.4158883361278,2,-18.4088543975676
4,0.6,0.2,0.0,0.1,48.852735715193894,2,-18.233903589362665
4,0.6,0.2,0.0,0.1,51.41751827683925,2,-18.06502722118425
4,0.6,0.2,0.0,0.1,54.116952654646376,2,-17.902127078554642
4,0.6,0.2,0.0,0.1,56.958108107376866,2,-17.745096191399046
4,0.6,0.2,0.0,0.1,59.94842503189409,2,-17.59381991208613
4,0.6,0.2,0.0,0.1,63.09573444801933,2,-17.448176944407166
4,0.6,0.2,0.0,0.1,66.40827850634841,2,-17.308040320251163
4,0.6,0.2,0.0,0.1,69.89473207273487,2,-17.17327832163974
4,0.6,0.2,0.0,0.1,73.56422544596414,2,-17.043755346606403
4,0.6,0.2,0.0,0.1,77.4263682681127,2,-16.91933271814232
4,0.6,0.2,0.0,0.1,81.49127469020745,2,-16.799869436081348
4,0.6,0.2,0.0,0.1,85.76958985908941,2,-16.68522287236477
4,0.6,0.2,0.0,0.1,90.27251779484574,2,-16.575249410616465
4,0.6,0.2,0.0,0.1,95.01185073181439,2,-16.469805031370154
4,0.6,0.2,0.0,0.1,100.0,2,-16.368745844634404
